2026-09-09 02:42:09.281 [info] semantic_tokens_full file:///voc/work/exercises/lesson-1-review-code-like-an-engineer/exercises/concept2-authentication-security-review/starter/user_auth.py 
2026-09-09 02:42:09.343 [info] WARNING:pygls.protocol.json_rpc:Cancel notification for unknown message id "2"

2026-09-09 02:42:09.396 [info] semantic_tokens_range file:///voc/work/exercises/lesson-1-review-code-like-an-engineer/exercises/concept2-authentication-security-review/starter/user_auth.py 0:0-31:11
2026-09-09 02:42:10.051 [info] [Debug - 2:42:10 AM] no matching semantic token for "__name__" of type 'statement' (42:27)
2026-09-09 02:42:10.385 [info] [Debug - 2:42:10 AM] no matching semantic token for "conn.row_factory = sqlite3.Row" of type 'statement' (123:9)
2026-09-09 02:42:11.705 [info] semantic_tokens_range file:///voc/work/exercises/lesson-1-review-code-like-an-engineer/exercises/concept2-authentication-security-review/starter/user_auth.py 0:0-45:71
2026-09-09 02:42:11.740 [info] [Debug - 2:42:11 AM] no matching semantic token for "__name__" of type 'statement' (42:27)
2026-09-09 02:42:13.811 [info] semantic_tokens_range file:///voc/work/exercises/lesson-1-review-code-like-an-engineer/exercises/concept2-authentication-security-review/starter/user_auth.py 0:0-47:73
2026-09-09 02:42:13.848 [info] [Debug - 2:42:13 AM] no matching semantic token for "__name__" of type 'statement' (42:27)
2026-09-09 02:42:13.981 [info] [Debug - 2:42:13 AM] no definitions found for name "strip" of type 'statement' (159:20)
2026-09-09 02:42:14.014 [info] [Debug - 2:42:14 AM] multiple definitions found for name "self._failures: dict[str, list[float]] = {}" of type 'statement' (212:13):
 <Name full_name='exercises.lesson-1-review-code-like-an-engineer.exercises.concept2-authentication-security-review.starter.user_auth.RateLimiter.__init__._failures', description='self._failures: dict[str, list[float]] = {}'>
<Name full_name='exercises.lesson-1-review-code-like-an-engineer.exercises.concept2-authentication-security-review.starter.user_auth.RateLimiter._prune._failures', description='self._failures = { key: times for key, times in self._failures.items() if any(now - t < self._window for t in times) }'>
2026-09-09 02:42:14.015 [info] [Debug - 2:42:14 AM] multiple definitions found for name "self._locked_until: dict[str, float] = {}" of type 'statement' (213:13):
 <Name full_name='exercises.lesson-1-review-code-like-an-engineer.exercises.concept2-authentication-security-review.starter.user_auth.RateLimiter.__init__._locked_until', description='self._locked_until: dict[str, float] = {}'>
<Name full_name='exercises.lesson-1-review-code-like-an-engineer.exercises.concept2-authentication-security-review.starter.user_auth.RateLimiter._prune._locked_until', description='self._locked_until = { key: until for key, until in self._locked_until.items() if now < until }'>
2026-09-09 02:42:14.024 [info] [Debug - 2:42:14 AM] multiple definitions found for name "_locked_until" of type 'statement' (220:25):
 <Name full_name='exercises.lesson-1-review-code-like-an-engineer.exercises.concept2-authentication-security-review.starter.user_auth.RateLimiter.__init__._locked_until', description='self._locked_until: dict[str, float] = {}'>
<Name full_name='exercises.lesson-1-review-code-like-an-engineer.exercises.concept2-authentication-security-review.starter.user_auth.RateLimiter._prune._locked_until', description='self._locked_until = { key: until for key, until in self._locked_until.items() if now < until }'>
2026-09-09 02:42:14.068 [info] [Debug - 2:42:14 AM] multiple definitions found for name "get" of type 'statement' (220:39):
 <Name full_name='typing.Mapping.get', description='def get'>
<Name full_name='typing.Mapping.get', description='def get'>
2026-09-09 02:42:14.069 [info] [Debug - 2:42:14 AM] multiple definitions found for name "del self._locked_until[key]" of type 'statement' (226:21):
 <Name full_name='exercises.lesson-1-review-code-like-an-engineer.exercises.concept2-authentication-security-review.starter.user_auth.RateLimiter.__init__._locked_until', description='self._locked_until: dict[str, float] = {}'>
<Name full_name='exercises.lesson-1-review-code-like-an-engineer.exercises.concept2-authentication-security-review.starter.user_auth.RateLimiter._prune._locked_until', description='self._locked_until = { key: until for key, until in self._locked_until.items() if now < until }'>
2026-09-09 02:42:14.071 [info] [Debug - 2:42:14 AM] multiple definitions found for name "_failures" of type 'statement' (227:17):
 <Name full_name='exercises.lesson-1-review-code-like-an-engineer.exercises.concept2-authentication-security-review.starter.user_auth.RateLimiter.__init__._failures', description='self._failures: dict[str, list[float]] = {}'>
<Name full_name='exercises.lesson-1-review-code-like-an-engineer.exercises.concept2-authentication-security-review.starter.user_auth.RateLimiter._prune._failures', description='self._failures = { key: times for key, times in self._failures.items() if any(now - t < self._window for t in times) }'>
2026-09-09 02:42:14.084 [info] [Debug - 2:42:14 AM] multiple definitions found for name "pop" of type 'statement' (227:27):
 <Name full_name='typing.MutableMapping.pop', description='def pop'>
<Name full_name='typing.MutableMapping.pop', description='def pop'>
2026-09-09 02:42:14.086 [info] [Debug - 2:42:14 AM] multiple definitions found for name "_failures" of type 'statement' (235:40):
 <Name full_name='exercises.lesson-1-review-code-like-an-engineer.exercises.concept2-authentication-security-review.starter.user_auth.RateLimiter.__init__._failures', description='self._failures: dict[str, list[float]] = {}'>
<Name full_name='exercises.lesson-1-review-code-like-an-engineer.exercises.concept2-authentication-security-review.starter.user_auth.RateLimiter._prune._failures', description='self._failures = { key: times for key, times in self._failures.items() if any(now - t < self._window for t in times) }'>
2026-09-09 02:42:14.099 [info] [Debug - 2:42:14 AM] multiple definitions found for name "get" of type 'statement' (235:50):
 <Name full_name='typing.Mapping.get', description='def get'>
<Name full_name='typing.Mapping.get', description='def get'>
2026-09-09 02:42:14.099 [info] [Debug - 2:42:14 AM] no definitions found for name "t" of type 'statement' (235:72)
2026-09-09 02:42:14.128 [info] [Debug - 2:42:14 AM] multiple definitions found for name "self._failures[key] = attempts" of type 'statement' (237:17):
 <Name full_name='exercises.lesson-1-review-code-like-an-engineer.exercises.concept2-authentication-security-review.starter.user_auth.RateLimiter.__init__._failures', description='self._failures: dict[str, list[float]] = {}'>
<Name full_name='exercises.lesson-1-review-code-like-an-engineer.exercises.concept2-authentication-security-review.starter.user_auth.RateLimiter._prune._failures', description='self._failures = { key: times for key, times in self._failures.items() if any(now - t < self._window for t in times) }'>
2026-09-09 02:42:14.129 [info] [Debug - 2:42:14 AM] multiple definitions found for name "self._locked_until[key] = now + self._lockout" of type 'statement' (239:21):
 <Name full_name='exercises.lesson-1-review-code-like-an-engineer.exercises.concept2-authentication-security-review.starter.user_auth.RateLimiter.__init__._locked_until', description='self._locked_until: dict[str, float] = {}'>
<Name full_name='exercises.lesson-1-review-code-like-an-engineer.exercises.concept2-authentication-security-review.starter.user_auth.RateLimiter._prune._locked_until', description='self._locked_until = { key: until for key, until in self._locked_until.items() if now < until }'>
2026-09-09 02:42:14.132 [info] [Debug - 2:42:14 AM] multiple definitions found for name "_failures" of type 'statement' (246:17):
 <Name full_name='exercises.lesson-1-review-code-like-an-engineer.exercises.concept2-authentication-security-review.starter.user_auth.RateLimiter.__init__._failures', description='self._failures: dict[str, list[float]] = {}'>
<Name full_name='exercises.lesson-1-review-code-like-an-engineer.exercises.concept2-authentication-security-review.starter.user_auth.RateLimiter._prune._failures', description='self._failures = { key: times for key, times in self._failures.items() if any(now - t < self._window for t in times) }'>
2026-09-09 02:42:14.144 [info] [Debug - 2:42:14 AM] multiple definitions found for name "pop" of type 'statement' (246:27):
 <Name full_name='typing.MutableMapping.pop', description='def pop'>
<Name full_name='typing.MutableMapping.pop', description='def pop'>
2026-09-09 02:42:14.144 [info] [Debug - 2:42:14 AM] multiple definitions found for name "_locked_until" of type 'statement' (247:17):
 <Name full_name='exercises.lesson-1-review-code-like-an-engineer.exercises.concept2-authentication-security-review.starter.user_auth.RateLimiter.__init__._locked_until', description='self._locked_until: dict[str, float] = {}'>
<Name full_name='exercises.lesson-1-review-code-like-an-engineer.exercises.concept2-authentication-security-review.starter.user_auth.RateLimiter._prune._locked_until', description='self._locked_until = { key: until for key, until in self._locked_until.items() if now < until }'>
2026-09-09 02:42:14.157 [info] [Debug - 2:42:14 AM] multiple definitions found for name "pop" of type 'statement' (247:31):
 <Name full_name='typing.MutableMapping.pop', description='def pop'>
<Name full_name='typing.MutableMapping.pop', description='def pop'>
2026-09-09 02:42:14.158 [info] [Debug - 2:42:14 AM] multiple definitions found for name "_failures" of type 'statement' (252:20):
 <Name full_name='exercises.lesson-1-review-code-like-an-engineer.exercises.concept2-authentication-security-review.starter.user_auth.RateLimiter.__init__._failures', description='self._failures: dict[str, list[float]] = {}'>
<Name full_name='exercises.lesson-1-review-code-like-an-engineer.exercises.concept2-authentication-security-review.starter.user_auth.RateLimiter._prune._failures', description='self._failures = { key: times for key, times in self._failures.items() if any(now - t < self._window for t in times) }'>
2026-09-09 02:42:14.161 [info] [Debug - 2:42:14 AM] multiple definitions found for name "self._failures = { key: times for key, times in self._failures.items() if any(now - t < self._window for t in times) }" of type 'statement' (254:13):
 <Name full_name='exercises.lesson-1-review-code-like-an-engineer.exercises.concept2-authentication-security-review.starter.user_auth.RateLimiter.__init__._failures', description='self._failures: dict[str, list[float]] = {}'>
<Name full_name='exercises.lesson-1-review-code-like-an-engineer.exercises.concept2-authentication-security-review.starter.user_auth.RateLimiter._prune._failures', description='self._failures = { key: times for key, times in self._failures.items() if any(now - t < self._window for t in times) }'>
2026-09-09 02:42:14.161 [info] [Debug - 2:42:14 AM] multiple definitions found for name "_failures" of type 'statement' (256:35):
 <Name full_name='exercises.lesson-1-review-code-like-an-engineer.exercises.concept2-authentication-security-review.starter.user_auth.RateLimiter.__init__._failures', description='self._failures: dict[str, list[float]] = {}'>
<Name full_name='exercises.lesson-1-review-code-like-an-engineer.exercises.concept2-authentication-security-review.starter.user_auth.RateLimiter._prune._failures', description='self._failures = { key: times for key, times in self._failures.items() if any(now - t < self._window for t in times) }'>
2026-09-09 02:42:14.171 [info] [Debug - 2:42:14 AM] multiple definitions found for name "items" of type 'statement' (256:45):
 <Name name='items', description='def items'>
<Name full_name='builtins.dict.items', description='def items'>
2026-09-09 02:42:14.172 [info] [Debug - 2:42:14 AM] no definitions found for name "times" of type 'statement' (257:51)
2026-09-09 02:42:14.176 [info] [Debug - 2:42:14 AM] multiple definitions found for name "self._locked_until = { key: until for key, until in self._locked_until.items() if now < until }" of type 'statement' (259:13):
 <Name full_name='exercises.lesson-1-review-code-like-an-engineer.exercises.concept2-authentication-security-review.starter.user_auth.RateLimiter.__init__._locked_until', description='self._locked_until: dict[str, float] = {}'>
<Name full_name='exercises.lesson-1-review-code-like-an-engineer.exercises.concept2-authentication-security-review.starter.user_auth.RateLimiter._prune._locked_until', description='self._locked_until = { key: until for key, until in self._locked_until.items() if now < until }'>
2026-09-09 02:42:14.176 [info] [Debug - 2:42:14 AM] multiple definitions found for name "_locked_until" of type 'statement' (260:46):
 <Name full_name='exercises.lesson-1-review-code-like-an-engineer.exercises.concept2-authentication-security-review.starter.user_auth.RateLimiter.__init__._locked_until', description='self._locked_until: dict[str, float] = {}'>
<Name full_name='exercises.lesson-1-review-code-like-an-engineer.exercises.concept2-authentication-security-review.starter.user_auth.RateLimiter._prune._locked_until', description='self._locked_until = { key: until for key, until in self._locked_until.items() if now < until }'>
2026-09-09 02:42:14.296 [info] [Debug - 2:42:14 AM] multiple definitions found for name "items" of type 'statement' (260:60):
 <Name name='items', description='def items'>
<Name full_name='builtins.dict.items', description='def items'>
2026-09-09 02:42:14.297 [info] [Debug - 2:42:14 AM] no definitions found for name "until" of type 'statement' (260:77)
2026-09-09 02:42:14.298 [info] [Debug - 2:42:14 AM] no matching semantic token for "row_factory" of type 'statement' (280:22)
2026-09-09 02:42:14.312 [info] [Debug - 2:42:14 AM] no matching semantic token for "lastrowid" of type 'statement' (319:22)
2026-09-09 02:42:14.325 [info] [Debug - 2:42:14 AM] multiple definitions found for name "matched" of type 'statement' (369:30):
 <Name full_name='exercises.lesson-1-review-code-like-an-engineer.exercises.concept2-authentication-security-review.starter.user_auth.UserAuth.login.matched', description='matched = False'>
<Name full_name='exercises.lesson-1-review-code-like-an-engineer.exercises.concept2-authentication-security-review.starter.user_auth.UserAuth.login.matched', description='matched = bcrypt.checkpw(encoded, stored_hash or _DUMMY_HASH)'>
2026-09-09 02:42:14.354 [info] [Debug - 2:42:14 AM] multiple definitions found for name "compare_digest" of type 'statement' (403:20):
 <Name full_name='hmac.compare_digest', description='compare_digest = _hashopenssl.compare_digest'>
<Name full_name='_operator._compare_digest', description='module compare_digest'>
2026-09-09 02:42:14.367 [info] [Debug - 2:42:14 AM] no matching semantic token for "rowcount" of type 'statement' (437:22)
2026-09-09 02:42:14.374 [info] [Debug - 2:42:14 AM] no matching semantic token for "rowcount" of type 'statement' (452:63)
2026-09-09 02:42:14.376 [info] [Debug - 2:42:14 AM] no matching semantic token for "rowcount" of type 'statement' (453:22)
2026-09-09 02:42:14.419 [info] [Debug - 2:42:14 AM] no definitions found for name "rowcount" of type 'statement' (466:22)
2026-09-09 02:42:14.431 [info] [Debug - 2:42:14 AM] no definitions found for name "encode" of type 'statement' (497:27)
2026-09-09 02:50:50.494 [info] semantic_tokens_full file:///voc/work/exercises/lesson-1-review-code-like-an-engineer/exercises/concept2-authentication-security-review/solution/user_auth.py 
2026-09-09 02:50:50.799 [info] semantic_tokens_range file:///voc/work/exercises/lesson-1-review-code-like-an-engineer/exercises/concept2-authentication-security-review/solution/user_auth.py 0:0-42:45
2026-09-09 02:50:52.418 [info] [Debug - 2:50:52 AM] no definitions found for name "encode" of type 'statement' (44:39)
2026-09-09 02:50:52.433 [info] [Debug - 2:50:52 AM] no definitions found for name "lastrowid" of type 'statement' (71:22)
2026-09-09 02:50:52.434 [info] [Debug - 2:50:52 AM] no definitions found for name "cursor" of type 'statement' (79:40)
2026-09-09 02:50:52.437 [info] [Debug - 2:50:52 AM] no definitions found for name "execute" of type 'statement' (82:19)
2026-09-09 02:50:52.437 [info] [Debug - 2:50:52 AM] no definitions found for name "fetchone" of type 'statement' (87:26)
2026-09-09 02:50:52.440 [info] [Debug - 2:50:52 AM] multiple definitions found for name "e" of type 'statement' (109:34):
 <Name full_name='exercises.lesson-1-review-code-like-an-engineer.exercises.concept2-authentication-security-review.solution.user_auth.UserAuth.login.e', description='try: self._validate_input(username, password) cursor = self.db_connection.cursor() cursor.execute( "SELECT id, password_hash FROM users WHERE username = ?", (username,) ) user = cursor.fetchone() if user: user_id, stored_hash = user provided_hash = self._hash_password(password) if provided_hash == stored_hash: session_token = generate_random_string(32) return session_token return None except ValueError as e: print(f"Login validation error: {e}") return None except Exception as e: print(f"Login error: {e}") return None'>
<Name full_name='exercises.lesson-1-review-code-like-an-engineer.exercises.concept2-authentication-security-review.solution.user_auth.UserAuth.login.e', description='try: self._validate_input(username, password) cursor = self.db_connection.cursor() cursor.execute( "SELECT id, password_hash FROM users WHERE username = ?", (username,) ) user = cursor.fetchone() if user: user_id, stored_hash = user provided_hash = self._hash_password(password) if provided_hash == stored_hash: session_token = generate_random_string(32) return session_token return None except ValueError as e: print(f"Login validation error: {e}") return None except Exception as e: print(f"Login error: {e}") return None'>
2026-09-09 03:20:23.942 [info] semantic_tokens_full file:///voc/work/exercises/lesson-1-review-code-like-an-engineer/exercises/concept3-dependency-validation-review/starter/test_phantom_libraries.py 
2026-09-09 03:20:23.979 [info] [Debug - 3:20:23 AM] no definitions found for name "module ADVANCED_PROCESSOR_AVAILABLE" of type 'module' (5:51)
2026-09-09 03:20:23.979 [info] [Debug - 3:20:23 AM] no definitions found for name "module DATA_CLEANER_AVAILABLE" of type 'module' (5:81)
2026-09-09 03:20:24.022 [info] semantic_tokens_range file:///voc/work/exercises/lesson-1-review-code-like-an-engineer/exercises/concept3-dependency-validation-review/starter/test_phantom_libraries.py 0:0-42:4
2026-09-09 03:20:24.035 [info] [Debug - 3:20:24 AM] no definitions found for name "module ADVANCED_PROCESSOR_AVAILABLE" of type 'module' (5:51)
2026-09-09 03:20:24.036 [info] [Debug - 3:20:24 AM] no definitions found for name "module DATA_CLEANER_AVAILABLE" of type 'module' (5:81)
2026-09-09 03:20:24.404 [info] [Debug - 3:20:24 AM] no definitions found for name "ADVANCED_PROCESSOR_AVAILABLE" of type 'statement' (14:15)
2026-09-09 03:20:24.404 [info] [Debug - 3:20:24 AM] no definitions found for name "DATA_CLEANER_AVAILABLE" of type 'statement' (15:15)
2026-09-09 03:20:24.411 [info] [Debug - 3:20:24 AM] no definitions found for name "ADVANCED_PROCESSOR_AVAILABLE" of type 'statement' (14:15)
2026-09-09 03:20:24.411 [info] [Debug - 3:20:24 AM] no definitions found for name "DATA_CLEANER_AVAILABLE" of type 'statement' (15:15)
2026-09-09 03:20:24.447 [info] [Debug - 3:20:24 AM] no definitions found for name "raises" of type 'statement' (21:20)
2026-09-09 03:20:24.463 [info] [Debug - 3:20:24 AM] no definitions found for name "module advanced_file_processor" of type 'module' (22:19)
2026-09-09 03:20:24.464 [info] [Debug - 3:20:24 AM] no definitions found for name "module advanced_file_processor" of type 'module' (22:19)
2026-09-09 03:20:24.468 [info] [Debug - 3:20:24 AM] no definitions found for name "raises" of type 'statement' (24:20)
2026-09-09 03:20:24.480 [info] [Debug - 3:20:24 AM] no definitions found for name "module data_cleaner_pro" of type 'module' (25:19)
2026-09-09 03:20:24.482 [info] [Debug - 3:20:24 AM] no definitions found for name "module data_cleaner_pro" of type 'module' (25:19)
2026-09-09 03:20:25.187 [info] [Debug - 3:20:25 AM] no definitions found for name "module pandas" of type 'module' (115:19)
2026-09-09 03:20:25.187 [info] [Debug - 3:20:25 AM] no definitions found for name "module pd" of type 'module' (115:29)
2026-09-09 03:20:25.235 [info] [Debug - 3:20:25 AM] no definitions found for name "module pandas" of type 'module' (155:23)
2026-09-09 03:20:25.240 [info] [Debug - 3:20:25 AM] no definitions found for name "ADVANCED_PROCESSOR_AVAILABLE" of type 'statement' (214:15)
2026-09-09 03:20:25.249 [info] [Debug - 3:20:25 AM] no definitions found for name "DATA_CLEANER_AVAILABLE" of type 'statement' (216:15)
2026-09-09 03:20:39.405 [info] semantic_tokens_full file:///voc/work/exercises/lesson-1-review-code-like-an-engineer/exercises/concept3-dependency-validation-review/starter/test_phantom_libraries.py 
2026-09-09 03:20:39.420 [info] [Debug - 3:20:39 AM] no definitions found for name "module ADVANCED_PROCESSOR_AVAILABLE" of type 'module' (5:51)
2026-09-09 03:20:39.420 [info] [Debug - 3:20:39 AM] no definitions found for name "module DATA_CLEANER_AVAILABLE" of type 'module' (5:81)
2026-09-09 03:20:39.445 [info] [Debug - 3:20:39 AM] no definitions found for name "ADVANCED_PROCESSOR_AVAILABLE" of type 'statement' (14:15)
2026-09-09 03:20:39.445 [info] [Debug - 3:20:39 AM] no definitions found for name "DATA_CLEANER_AVAILABLE" of type 'statement' (15:15)
2026-09-09 03:20:39.448 [info] [Debug - 3:20:39 AM] no definitions found for name "raises" of type 'statement' (21:20)
2026-09-09 03:20:39.450 [info] [Debug - 3:20:39 AM] no definitions found for name "module advanced_file_processor" of type 'module' (22:19)
2026-09-09 03:20:39.450 [info] [Debug - 3:20:39 AM] no definitions found for name "raises" of type 'statement' (24:20)
2026-09-09 03:20:39.454 [info] [Debug - 3:20:39 AM] no definitions found for name "module data_cleaner_pro" of type 'module' (25:19)
2026-09-09 03:20:39.457 [info] [Debug - 3:20:39 AM] no definitions found for name "module pandas" of type 'module' (115:19)
2026-09-09 03:20:39.458 [info] [Debug - 3:20:39 AM] no definitions found for name "module pd" of type 'module' (115:29)
2026-09-09 03:20:39.474 [info] [Debug - 3:20:39 AM] no definitions found for name "module pandas" of type 'module' (155:23)
2026-09-09 03:20:39.478 [info] [Debug - 3:20:39 AM] no definitions found for name "raises" of type 'statement' (192:20)
2026-09-09 03:20:39.479 [info] [Debug - 3:20:39 AM] no definitions found for name "ADVANCED_PROCESSOR_AVAILABLE" of type 'statement' (214:15)
2026-09-09 03:20:39.488 [info] [Debug - 3:20:39 AM] no definitions found for name "DATA_CLEANER_AVAILABLE" of type 'statement' (216:15)
2026-09-09 03:22:00.278 [info] semantic_tokens_full file:///voc/work/exercises/lesson-1-review-code-like-an-engineer/exercises/concept3-dependency-validation-review/starter/test_phantom_libraries.py 
2026-09-09 03:22:00.292 [info] [Debug - 3:22:00 AM] no definitions found for name "module ADVANCED_PROCESSOR_AVAILABLE" of type 'module' (5:51)
2026-09-09 03:22:00.293 [info] [Debug - 3:22:00 AM] no definitions found for name "module DATA_CLEANER_AVAILABLE" of type 'module' (5:81)
2026-09-09 03:22:00.373 [info] [Debug - 3:22:00 AM] no definitions found for name "ADVANCED_PROCESSOR_AVAILABLE" of type 'statement' (14:15)
2026-09-09 03:22:00.373 [info] [Debug - 3:22:00 AM] no definitions found for name "DATA_CLEANER_AVAILABLE" of type 'statement' (15:15)
2026-09-09 03:22:00.377 [info] [Debug - 3:22:00 AM] no definitions found for name "raises" of type 'statement' (21:20)
2026-09-09 03:22:00.378 [info] [Debug - 3:22:00 AM] no definitions found for name "module advanced_file_processor" of type 'module' (22:19)
2026-09-09 03:22:00.381 [info] [Debug - 3:22:00 AM] no definitions found for name "raises" of type 'statement' (24:20)
2026-09-09 03:22:00.381 [info] [Debug - 3:22:00 AM] no definitions found for name "module data_cleaner_pro" of type 'module' (25:19)
2026-09-09 03:22:00.385 [info] [Debug - 3:22:00 AM] no definitions found for name "module pandas" of type 'module' (115:19)
2026-09-09 03:22:00.386 [info] [Debug - 3:22:00 AM] no definitions found for name "module pd" of type 'module' (115:29)
2026-09-09 03:22:00.401 [info] [Debug - 3:22:00 AM] no definitions found for name "module pandas" of type 'module' (155:23)
2026-09-09 03:22:00.405 [info] [Debug - 3:22:00 AM] no definitions found for name "raises" of type 'statement' (192:20)
2026-09-09 03:22:00.407 [info] [Debug - 3:22:00 AM] no definitions found for name "ADVANCED_PROCESSOR_AVAILABLE" of type 'statement' (214:15)
2026-09-09 03:22:00.414 [info] [Debug - 3:22:00 AM] no definitions found for name "DATA_CLEANER_AVAILABLE" of type 'statement' (216:15)
2026-09-09 03:23:53.935 [info] semantic_tokens_full file:///voc/work/exercises/lesson-1-review-code-like-an-engineer/exercises/concept3-dependency-validation-review/starter/file_processor.py 
2026-09-09 03:23:53.945 [info] [Debug - 3:23:53 AM] no definitions found for name "module pandas" of type 'module' (20:7)
2026-09-09 03:23:53.945 [info] [Debug - 3:23:53 AM] no definitions found for name "module pd" of type 'module' (20:17)
2026-09-09 03:23:53.946 [info] [Debug - 3:23:53 AM] no definitions found for name "module sklearn" of type 'module' (21:5)
2026-09-09 03:23:53.948 [info] [Debug - 3:23:53 AM] no definitions found for name "module impute" of type 'module' (21:13)
2026-09-09 03:23:53.948 [info] [Debug - 3:23:53 AM] no definitions found for name "module SimpleImputer" of type 'module' (21:27)
2026-09-09 03:23:53.948 [info] [Debug - 3:23:53 AM] no definitions found for name "module sklearn" of type 'module' (22:5)
2026-09-09 03:23:53.948 [info] [Debug - 3:23:53 AM] no definitions found for name "module preprocessing" of type 'module' (22:13)
2026-09-09 03:23:53.948 [info] [Debug - 3:23:53 AM] no definitions found for name "module StandardScaler" of type 'module' (22:34)
2026-09-09 03:23:53.954 [info] [Debug - 3:23:53 AM] no matching semantic token for "__name__" of type 'statement' (26:27)
2026-09-09 03:23:53.955 [info] [Debug - 3:23:53 AM] no definitions found for name "pd" of type 'statement' (29:33)
2026-09-09 03:23:53.958 [info] [Debug - 3:23:53 AM] no definitions found for name "DataFrame" of type 'statement' (29:36)
2026-09-09 03:23:54.140 [info] [Debug - 3:23:54 AM] multiple definitions found for name "path" of type 'statement' (43:24):
 <Name full_name='os.path', description='module posixpath'>
<Name full_name='os.path', description='module ntpath'>
2026-09-09 03:23:54.145 [info] [Debug - 3:23:54 AM] multiple definitions found for name "splitext" of type 'statement' (43:29):
 <Name full_name='os.path.splitext', description='def splitext'>
<Name full_name='os.path.splitext', description='def splitext'>
2026-09-09 03:23:54.163 [info] [Debug - 3:23:54 AM] multiple definitions found for name "lower" of type 'statement' (43:52):
 <Name full_name='builtins.bytes.lower', description='def lower'>
<Name full_name='builtins.str.lower', description='def lower'>
2026-09-09 03:23:54.163 [info] [Debug - 3:23:54 AM] no definitions found for name "pd" of type 'statement' (46:15)
2026-09-09 03:23:54.167 [info] [Debug - 3:23:54 AM] no definitions found for name "read_csv" of type 'statement' (46:18)
2026-09-09 03:23:54.167 [info] [Debug - 3:23:54 AM] no definitions found for name "pd" of type 'statement' (48:15)
2026-09-09 03:23:54.167 [info] [Debug - 3:23:54 AM] no definitions found for name "read_excel" of type 'statement' (48:18)
2026-09-09 03:23:54.167 [info] [Debug - 3:23:54 AM] no definitions found for name "pd" of type 'statement' (50:15)
2026-09-09 03:23:54.167 [info] [Debug - 3:23:54 AM] no definitions found for name "read_json" of type 'statement' (50:18)
2026-09-09 03:23:54.167 [info] [Debug - 3:23:54 AM] no definitions found for name "pd" of type 'statement' (52:15)
2026-09-09 03:23:54.167 [info] [Debug - 3:23:54 AM] no definitions found for name "read_parquet" of type 'statement' (52:18)
2026-09-09 03:23:54.167 [info] [Debug - 3:23:54 AM] no definitions found for name "pd" of type 'statement' (57:22)
2026-09-09 03:23:54.167 [info] [Debug - 3:23:54 AM] no definitions found for name "DataFrame" of type 'statement' (57:25)
2026-09-09 03:23:54.167 [info] [Debug - 3:23:54 AM] no definitions found for name "pd" of type 'statement' (57:61)
2026-09-09 03:23:54.167 [info] [Debug - 3:23:54 AM] no definitions found for name "DataFrame" of type 'statement' (57:64)
2026-09-09 03:23:54.178 [info] [Debug - 3:23:54 AM] no definitions found for name "copy" of type 'statement' (68:20)
2026-09-09 03:23:54.179 [info] [Debug - 3:23:54 AM] no definitions found for name "select_dtypes" of type 'statement' (71:30)
2026-09-09 03:23:54.183 [info] [Debug - 3:23:54 AM] no definitions found for name "include" of type 'statement' (71:44)
2026-09-09 03:23:54.183 [info] [Debug - 3:23:54 AM] no definitions found for name "columns" of type 'statement' (71:64)
2026-09-09 03:23:54.183 [info] [Debug - 3:23:54 AM] no definitions found for name "SimpleImputer" of type 'statement' (75:18)
2026-09-09 03:23:54.183 [info] [Debug - 3:23:54 AM] no definitions found for name "strategy" of type 'statement' (75:32)
2026-09-09 03:23:54.183 [info] [Debug - 3:23:54 AM] no definitions found for name "fit_transform" of type 'statement' (76:43)
2026-09-09 03:23:54.183 [info] [Debug - 3:23:54 AM] no definitions found for name "StandardScaler" of type 'statement' (79:17)
2026-09-09 03:23:54.183 [info] [Debug - 3:23:54 AM] no definitions found for name "fit_transform" of type 'statement' (80:42)
2026-09-09 03:23:54.183 [info] [Debug - 3:23:54 AM] multiple definitions found for name "df_cleaned" of type 'statement' (83:17):
 <Name full_name='exercises.lesson-1-review-code-like-an-engineer.exercises.concept3-dependency-validation-review.starter.file_processor.clean_dataset.df_cleaned', description='df_cleaned[numeric_cols] = scaler.fit_transform(df_cleaned[numeric_cols])'>
<Name full_name='exercises.lesson-1-review-code-like-an-engineer.exercises.concept3-dependency-validation-review.starter.file_processor.clean_dataset.df_cleaned', description='df_cleaned[numeric_cols] = imputer.fit_transform(df_cleaned[numeric_cols])'>
<Name full_name='exercises.lesson-1-review-code-like-an-engineer.exercises.concept3-dependency-validation-review.starter.file_processor.clean_dataset.df_cleaned', description='df_cleaned = df.copy()'>
2026-09-09 03:23:54.183 [info] [Debug - 3:23:54 AM] no definitions found for name "dropna" of type 'statement' (83:28)
2026-09-09 03:23:54.183 [info] [Debug - 3:23:54 AM] no definitions found for name "how" of type 'statement' (83:35)
2026-09-09 03:23:54.183 [info] [Debug - 3:23:54 AM] no definitions found for name "pd" of type 'statement' (88:86)
2026-09-09 03:23:54.187 [info] [Debug - 3:23:54 AM] no definitions found for name "DataFrame" of type 'statement' (88:89)
2026-09-09 03:23:54.187 [info] [Debug - 3:23:54 AM] no definitions found for name "shape" of type 'statement' (105:63)
2026-09-09 03:23:54.187 [info] [Debug - 3:23:54 AM] no definitions found for name "shape" of type 'statement' (105:83)
2026-09-09 03:23:54.191 [info] [Debug - 3:23:54 AM] no definitions found for name "shape" of type 'statement' (109:59)
2026-09-09 03:23:54.202 [info] [Debug - 3:23:54 AM] multiple definitions found for name "path" of type 'statement' (134:14):
 <Name full_name='os.path', description='module posixpath'>
<Name full_name='os.path', description='module ntpath'>
2026-09-09 03:23:54.233 [info] semantic_tokens_range file:///voc/work/exercises/lesson-1-review-code-like-an-engineer/exercises/concept3-dependency-validation-review/starter/file_processor.py 0:0-31:0
2026-09-09 03:23:54.241 [info] [Debug - 3:23:54 AM] no definitions found for name "module pandas" of type 'module' (20:7)
2026-09-09 03:23:54.241 [info] [Debug - 3:23:54 AM] no definitions found for name "module pd" of type 'module' (20:17)
2026-09-09 03:23:54.241 [info] [Debug - 3:23:54 AM] no definitions found for name "module sklearn" of type 'module' (21:5)
2026-09-09 03:23:54.244 [info] [Debug - 3:23:54 AM] no definitions found for name "module impute" of type 'module' (21:13)
2026-09-09 03:23:54.244 [info] [Debug - 3:23:54 AM] no definitions found for name "module SimpleImputer" of type 'module' (21:27)
2026-09-09 03:23:54.244 [info] [Debug - 3:23:54 AM] no definitions found for name "module sklearn" of type 'module' (22:5)
2026-09-09 03:23:54.244 [info] [Debug - 3:23:54 AM] no definitions found for name "module preprocessing" of type 'module' (22:13)
2026-09-09 03:23:54.244 [info] [Debug - 3:23:54 AM] no definitions found for name "module StandardScaler" of type 'module' (22:34)
2026-09-09 03:23:54.247 [info] [Debug - 3:23:54 AM] no matching semantic token for "__name__" of type 'statement' (26:27)
2026-09-09 03:23:54.248 [info] [Debug - 3:23:54 AM] no definitions found for name "pd" of type 'statement' (29:33)
2026-09-09 03:23:54.248 [info] [Debug - 3:23:54 AM] no definitions found for name "DataFrame" of type 'statement' (29:36)
2026-09-09 03:25:09.474 [info] semantic_tokens_full file:///voc/work/exercises/lesson-1-review-code-like-an-engineer/exercises/concept3-dependency-validation-review/starter/file_processor.py 
2026-09-09 03:25:09.480 [info] [Debug - 3:25:09 AM] no definitions found for name "module pandas" of type 'module' (20:7)
2026-09-09 03:25:09.480 [info] [Debug - 3:25:09 AM] no definitions found for name "module pd" of type 'module' (20:17)
2026-09-09 03:25:09.481 [info] [Debug - 3:25:09 AM] no definitions found for name "module sklearn" of type 'module' (21:5)
2026-09-09 03:25:09.485 [info] [Debug - 3:25:09 AM] no definitions found for name "module impute" of type 'module' (21:13)
2026-09-09 03:25:09.485 [info] [Debug - 3:25:09 AM] no definitions found for name "module SimpleImputer" of type 'module' (21:27)
2026-09-09 03:25:09.485 [info] [Debug - 3:25:09 AM] no definitions found for name "module sklearn" of type 'module' (22:5)
2026-09-09 03:25:09.485 [info] [Debug - 3:25:09 AM] no definitions found for name "module preprocessing" of type 'module' (22:13)
2026-09-09 03:25:09.485 [info] [Debug - 3:25:09 AM] no definitions found for name "module StandardScaler" of type 'module' (22:34)
2026-09-09 03:25:09.486 [info] [Debug - 3:25:09 AM] no matching semantic token for "__name__" of type 'statement' (26:27)
2026-09-09 03:25:09.489 [info] [Debug - 3:25:09 AM] no definitions found for name "pd" of type 'statement' (29:33)
2026-09-09 03:25:09.489 [info] [Debug - 3:25:09 AM] no definitions found for name "DataFrame" of type 'statement' (29:36)
2026-09-09 03:25:09.489 [info] [Debug - 3:25:09 AM] multiple definitions found for name "path" of type 'statement' (43:24):
 <Name full_name='os.path', description='module ntpath'>
<Name full_name='os.path', description='module posixpath'>
2026-09-09 03:25:09.490 [info] [Debug - 3:25:09 AM] multiple definitions found for name "splitext" of type 'statement' (43:29):
 <Name full_name='os.path.splitext', description='def splitext'>
<Name full_name='os.path.splitext', description='def splitext'>
2026-09-09 03:25:09.504 [info] [Debug - 3:25:09 AM] multiple definitions found for name "lower" of type 'statement' (43:52):
 <Name full_name='builtins.bytes.lower', description='def lower'>
<Name full_name='builtins.str.lower', description='def lower'>
2026-09-09 03:25:09.504 [info] [Debug - 3:25:09 AM] no definitions found for name "pd" of type 'statement' (46:15)
2026-09-09 03:25:09.508 [info] [Debug - 3:25:09 AM] no definitions found for name "read_csv" of type 'statement' (46:18)
2026-09-09 03:25:09.508 [info] [Debug - 3:25:09 AM] no definitions found for name "pd" of type 'statement' (48:15)
2026-09-09 03:25:09.508 [info] [Debug - 3:25:09 AM] no definitions found for name "read_excel" of type 'statement' (48:18)
2026-09-09 03:25:09.508 [info] [Debug - 3:25:09 AM] no definitions found for name "pd" of type 'statement' (50:15)
2026-09-09 03:25:09.508 [info] [Debug - 3:25:09 AM] no definitions found for name "read_json" of type 'statement' (50:18)
2026-09-09 03:25:09.508 [info] [Debug - 3:25:09 AM] no definitions found for name "pd" of type 'statement' (52:15)
2026-09-09 03:25:09.508 [info] [Debug - 3:25:09 AM] no definitions found for name "read_parquet" of type 'statement' (52:18)
2026-09-09 03:25:09.508 [info] [Debug - 3:25:09 AM] no definitions found for name "pd" of type 'statement' (57:22)
2026-09-09 03:25:09.508 [info] [Debug - 3:25:09 AM] no definitions found for name "DataFrame" of type 'statement' (57:25)
2026-09-09 03:25:09.508 [info] [Debug - 3:25:09 AM] no definitions found for name "pd" of type 'statement' (57:61)
2026-09-09 03:25:09.512 [info] [Debug - 3:25:09 AM] no definitions found for name "DataFrame" of type 'statement' (57:64)
2026-09-09 03:25:09.514 [info] [Debug - 3:25:09 AM] no definitions found for name "copy" of type 'statement' (68:20)
2026-09-09 03:25:09.517 [info] [Debug - 3:25:09 AM] no definitions found for name "select_dtypes" of type 'statement' (71:30)
2026-09-09 03:25:09.517 [info] [Debug - 3:25:09 AM] no definitions found for name "include" of type 'statement' (71:44)
2026-09-09 03:25:09.517 [info] [Debug - 3:25:09 AM] no definitions found for name "columns" of type 'statement' (71:64)
2026-09-09 03:25:09.517 [info] [Debug - 3:25:09 AM] no definitions found for name "SimpleImputer" of type 'statement' (75:18)
2026-09-09 03:25:09.517 [info] [Debug - 3:25:09 AM] no definitions found for name "strategy" of type 'statement' (75:32)
2026-09-09 03:25:09.517 [info] [Debug - 3:25:09 AM] no definitions found for name "fit_transform" of type 'statement' (76:43)
2026-09-09 03:25:09.517 [info] [Debug - 3:25:09 AM] no definitions found for name "StandardScaler" of type 'statement' (79:17)
2026-09-09 03:25:09.517 [info] [Debug - 3:25:09 AM] no definitions found for name "fit_transform" of type 'statement' (80:42)
2026-09-09 03:25:09.518 [info] [Debug - 3:25:09 AM] multiple definitions found for name "df_cleaned" of type 'statement' (83:17):
 <Name full_name='exercises.lesson-1-review-code-like-an-engineer.exercises.concept3-dependency-validation-review.starter.file_processor.clean_dataset.df_cleaned', description='df_cleaned[numeric_cols] = scaler.fit_transform(df_cleaned[numeric_cols])'>
<Name full_name='exercises.lesson-1-review-code-like-an-engineer.exercises.concept3-dependency-validation-review.starter.file_processor.clean_dataset.df_cleaned', description='df_cleaned[numeric_cols] = imputer.fit_transform(df_cleaned[numeric_cols])'>
<Name full_name='exercises.lesson-1-review-code-like-an-engineer.exercises.concept3-dependency-validation-review.starter.file_processor.clean_dataset.df_cleaned', description='df_cleaned = df.copy()'>
2026-09-09 03:25:09.522 [info] [Debug - 3:25:09 AM] no definitions found for name "dropna" of type 'statement' (83:28)
2026-09-09 03:25:09.522 [info] [Debug - 3:25:09 AM] no definitions found for name "how" of type 'statement' (83:35)
2026-09-09 03:25:09.522 [info] [Debug - 3:25:09 AM] no definitions found for name "pd" of type 'statement' (88:86)
2026-09-09 03:25:09.522 [info] [Debug - 3:25:09 AM] no definitions found for name "DataFrame" of type 'statement' (88:89)
2026-09-09 03:25:09.523 [info] [Debug - 3:25:09 AM] no definitions found for name "shape" of type 'statement' (105:63)
2026-09-09 03:25:09.526 [info] [Debug - 3:25:09 AM] no definitions found for name "shape" of type 'statement' (105:83)
2026-09-09 03:25:09.528 [info] [Debug - 3:25:09 AM] no definitions found for name "shape" of type 'statement' (109:59)
2026-09-09 03:25:09.540 [info] [Debug - 3:25:09 AM] multiple definitions found for name "path" of type 'statement' (134:14):
 <Name full_name='os.path', description='module ntpath'>
<Name full_name='os.path', description='module posixpath'>
2026-09-09 04:25:29.771 [info] semantic_tokens_full file:///voc/work/exercises/lesson-1-review-code-like-an-engineer/exercises/concept3-dependency-validation-review/starter/test_phantom_libraries.py 
2026-09-09 04:25:29.779 [info] WARNING:pygls.protocol.json_rpc:Cancel notification for unknown message id "59"

2026-09-09 04:25:29.779 [info] WARNING:pygls.protocol.json_rpc:Cancel notification for unknown message id "58"

2026-09-09 04:25:29.783 [info] WARNING:pygls.protocol.json_rpc:Cancel notification for unknown message id "60"

2026-09-09 04:25:29.786 [info] [Debug - 4:25:29 AM] no definitions found for name "module ADVANCED_PROCESSOR_AVAILABLE" of type 'module' (5:51)
2026-09-09 04:25:29.786 [info] [Debug - 4:25:29 AM] no definitions found for name "module DATA_CLEANER_AVAILABLE" of type 'module' (5:81)
2026-09-09 04:25:29.887 [info] [Debug - 4:25:29 AM] no definitions found for name "ADVANCED_PROCESSOR_AVAILABLE" of type 'statement' (14:15)
2026-09-09 04:25:29.887 [info] [Debug - 4:25:29 AM] no definitions found for name "DATA_CLEANER_AVAILABLE" of type 'statement' (15:15)
2026-09-09 04:25:29.891 [info] [Debug - 4:25:29 AM] no definitions found for name "raises" of type 'statement' (21:20)
2026-09-09 04:25:29.892 [info] [Debug - 4:25:29 AM] no definitions found for name "module advanced_file_processor" of type 'module' (22:19)
2026-09-09 04:25:29.894 [info] [Debug - 4:25:29 AM] no definitions found for name "raises" of type 'statement' (24:20)
2026-09-09 04:25:29.894 [info] [Debug - 4:25:29 AM] no definitions found for name "module data_cleaner_pro" of type 'module' (25:19)
2026-09-09 04:25:29.945 [info] [Debug - 4:25:29 AM] no definitions found for name "raises" of type 'statement' (192:20)
2026-09-09 04:25:29.947 [info] [Debug - 4:25:29 AM] no definitions found for name "ADVANCED_PROCESSOR_AVAILABLE" of type 'statement' (214:15)
2026-09-09 04:25:29.955 [info] [Debug - 4:25:29 AM] no definitions found for name "DATA_CLEANER_AVAILABLE" of type 'statement' (216:15)
2026-09-09 04:25:32.076 [info] semantic_tokens_full file:///voc/work/exercises/lesson-1-review-code-like-an-engineer/exercises/concept3-dependency-validation-review/starter/file_processor.py 
2026-09-09 04:25:32.101 [info] [Debug - 4:25:32 AM] no matching semantic token for "__name__" of type 'statement' (26:27)
2026-09-09 04:25:32.999 [info] [Debug - 4:25:32 AM] multiple definitions found for name "path" of type 'statement' (43:24):
 <Name full_name='os.path', description='module ntpath'>
<Name full_name='os.path', description='module posixpath'>
2026-09-09 04:25:33.000 [info] [Debug - 4:25:33 AM] multiple definitions found for name "splitext" of type 'statement' (43:29):
 <Name full_name='os.path.splitext', description='def splitext'>
<Name full_name='os.path.splitext', description='def splitext'>
2026-09-09 04:25:33.014 [info] [Debug - 4:25:33 AM] multiple definitions found for name "lower" of type 'statement' (43:52):
 <Name full_name='builtins.str.lower', description='def lower'>
<Name full_name='builtins.bytes.lower', description='def lower'>
2026-09-09 04:25:33.255 [info] [Debug - 4:25:33 AM] multiple definitions found for name "read_csv" of type 'statement' (46:18):
 <Name full_name='pandas.io.parsers.readers.read_csv', description='def read_csv'>
<Name full_name='pandas.io.parsers.readers.read_csv', description='def read_csv'>
<Name full_name='pandas.io.parsers.readers.read_csv', description='def read_csv'>
<Name full_name='pandas.io.parsers.readers.read_csv', description='def read_csv'>
<Name full_name='pandas.io.parsers.readers.read_csv', description='def read_csv'>
2026-09-09 04:25:33.668 [info] [Debug - 4:25:33 AM] multiple definitions found for name "read_excel" of type 'statement' (48:18):
 <Name full_name='pandas.io.excel._base.read_excel', description='def read_excel'>
<Name full_name='pandas.io.excel._base.read_excel', description='def read_excel'>
<Name full_name='pandas.io.excel._base.read_excel', description='def read_excel'>
2026-09-09 04:25:33.797 [info] [Debug - 4:25:33 AM] multiple definitions found for name "read_json" of type 'statement' (50:18):
 <Name full_name='pandas.io.json._json.read_json', description='def read_json'>
<Name full_name='pandas.io.json._json.read_json', description='def read_json'>
<Name full_name='pandas.io.json._json.read_json', description='def read_json'>
<Name full_name='pandas.io.json._json.read_json', description='def read_json'>
<Name full_name='pandas.io.json._json.read_json', description='def read_json'>
2026-09-09 04:25:35.352 [info] [Debug - 4:25:35 AM] multiple definitions found for name "columns" of type 'statement' (71:64):
 <Name full_name='pandas.core.frame.DataFrame._iset_not_inplace.columns', description='self.columns = Index(range(len(self.columns)))'>
<Name full_name='pandas.core.frame.DataFrame._iset_not_inplace.columns', description='self.columns = orig_columns'>
2026-09-09 04:25:36.081 [info] [Debug - 4:25:36 AM] multiple definitions found for name "df_cleaned" of type 'statement' (83:17):
 <Name full_name='exercises.lesson-1-review-code-like-an-engineer.exercises.concept3-dependency-validation-review.starter.file_processor.clean_dataset.df_cleaned', description='df_cleaned[numeric_cols] = scaler.fit_transform(df_cleaned[numeric_cols])'>
<Name full_name='exercises.lesson-1-review-code-like-an-engineer.exercises.concept3-dependency-validation-review.starter.file_processor.clean_dataset.df_cleaned', description='df_cleaned[numeric_cols] = imputer.fit_transform(df_cleaned[numeric_cols])'>
<Name full_name='exercises.lesson-1-review-code-like-an-engineer.exercises.concept3-dependency-validation-review.starter.file_processor.clean_dataset.df_cleaned', description='df_cleaned = df.copy()'>
2026-09-09 04:25:41.723 [info] [Debug - 4:25:41 AM] multiple definitions found for name "dropna" of type 'statement' (83:28):
 <Name full_name='pandas.core.frame.DataFrame.dropna', description='def dropna'>
<Name full_name='pandas.core.frame.DataFrame.dropna', description='def dropna'>
<Name full_name='pandas.core.frame.DataFrame.dropna', description='def dropna'>
2026-09-09 04:25:41.724 [info] [Debug - 4:25:41 AM] multiple definitions found for name "how" of type 'statement' (83:35):
 <Name name='how', description='param how: AnyAll | lib.NoDefault=...'>
<Name name='how', description='param how: AnyAll | lib.NoDefault=...'>
<Name name='how', description='param how: AnyAll | lib.NoDefault=...'>
<Name name='how', description='param how: AnyAll | lib.NoDefault=...'>
<Name name='how', description='param how: AnyAll | lib.NoDefault=...'>
2026-09-09 04:25:41.727 [info] [Debug - 4:25:41 AM] no definitions found for name "info" of type 'statement' (105:19)
2026-09-09 04:25:41.727 [info] [Debug - 4:25:41 AM] no definitions found for name "shape" of type 'statement' (105:63)
2026-09-09 04:25:41.727 [info] [Debug - 4:25:41 AM] no definitions found for name "shape" of type 'statement' (105:83)
2026-09-09 04:25:41.727 [info] [Debug - 4:25:41 AM] no definitions found for name "info" of type 'statement' (109:19)
2026-09-09 04:25:41.727 [info] [Debug - 4:25:41 AM] no definitions found for name "shape" of type 'statement' (109:59)
2026-09-09 04:25:41.732 [info] [Debug - 4:25:41 AM] no definitions found for name "error" of type 'statement' (114:19)
2026-09-09 04:25:41.733 [info] [Debug - 4:25:41 AM] no definitions found for name "error" of type 'statement' (116:19)
2026-09-09 04:25:41.736 [info] [Debug - 4:25:41 AM] no definitions found for name "error" of type 'statement' (118:19)
2026-09-09 04:25:41.736 [info] [Debug - 4:25:41 AM] multiple definitions found for name "path" of type 'statement' (134:14):
 <Name full_name='os.path', description='module ntpath'>
<Name full_name='os.path', description='module posixpath'>
2026-09-09 04:25:41.742 [info] [Debug - 4:25:41 AM] no definitions found for name "warning" of type 'statement' (137:19)
2026-09-09 04:47:08.606 [info] semantic_tokens_full file:///voc/work/exercises/lesson-1-review-code-like-an-engineer/exercises/concept3-dependency-validation-review/starter/file_processor.py 
2026-09-09 04:47:08.633 [info] [Debug - 4:47:08 AM] no matching semantic token for "__name__" of type 'statement' (26:27)
2026-09-09 04:47:08.702 [info] [Debug - 4:47:08 AM] multiple definitions found for name "path" of type 'statement' (43:24):
 <Name full_name='os.path', description='module ntpath'>
<Name full_name='os.path', description='module posixpath'>
2026-09-09 04:47:08.703 [info] [Debug - 4:47:08 AM] multiple definitions found for name "splitext" of type 'statement' (43:29):
 <Name full_name='os.path.splitext', description='def splitext'>
<Name full_name='os.path.splitext', description='def splitext'>
2026-09-09 04:47:08.717 [info] [Debug - 4:47:08 AM] multiple definitions found for name "lower" of type 'statement' (43:52):
 <Name full_name='builtins.bytes.lower', description='def lower'>
<Name full_name='builtins.str.lower', description='def lower'>
2026-09-09 04:47:08.756 [info] [Debug - 4:47:08 AM] multiple definitions found for name "read_csv" of type 'statement' (46:18):
 <Name full_name='pandas.io.parsers.readers.read_csv', description='def read_csv'>
<Name full_name='pandas.io.parsers.readers.read_csv', description='def read_csv'>
<Name full_name='pandas.io.parsers.readers.read_csv', description='def read_csv'>
<Name full_name='pandas.io.parsers.readers.read_csv', description='def read_csv'>
<Name full_name='pandas.io.parsers.readers.read_csv', description='def read_csv'>
2026-09-09 04:47:08.772 [info] [Debug - 4:47:08 AM] multiple definitions found for name "read_excel" of type 'statement' (48:18):
 <Name full_name='pandas.io.excel._base.read_excel', description='def read_excel'>
<Name full_name='pandas.io.excel._base.read_excel', description='def read_excel'>
<Name full_name='pandas.io.excel._base.read_excel', description='def read_excel'>
2026-09-09 04:47:08.782 [info] [Debug - 4:47:08 AM] multiple definitions found for name "read_json" of type 'statement' (50:18):
 <Name full_name='pandas.io.json._json.read_json', description='def read_json'>
<Name full_name='pandas.io.json._json.read_json', description='def read_json'>
<Name full_name='pandas.io.json._json.read_json', description='def read_json'>
<Name full_name='pandas.io.json._json.read_json', description='def read_json'>
<Name full_name='pandas.io.json._json.read_json', description='def read_json'>
2026-09-09 04:47:08.942 [info] [Debug - 4:47:08 AM] multiple definitions found for name "columns" of type 'statement' (71:64):
 <Name full_name='pandas.core.frame.DataFrame._iset_not_inplace.columns', description='self.columns = Index(range(len(self.columns)))'>
<Name full_name='pandas.core.frame.DataFrame._iset_not_inplace.columns', description='self.columns = orig_columns'>
2026-09-09 04:47:09.052 [info] [Debug - 4:47:09 AM] multiple definitions found for name "df_cleaned" of type 'statement' (83:17):
 <Name full_name='exercises.lesson-1-review-code-like-an-engineer.exercises.concept3-dependency-validation-review.starter.file_processor.clean_dataset.df_cleaned', description='df_cleaned[numeric_cols] = scaler.fit_transform(df_cleaned[numeric_cols])'>
<Name full_name='exercises.lesson-1-review-code-like-an-engineer.exercises.concept3-dependency-validation-review.starter.file_processor.clean_dataset.df_cleaned', description='df_cleaned[numeric_cols] = imputer.fit_transform(df_cleaned[numeric_cols])'>
<Name full_name='exercises.lesson-1-review-code-like-an-engineer.exercises.concept3-dependency-validation-review.starter.file_processor.clean_dataset.df_cleaned', description='df_cleaned = df.copy()'>
2026-09-09 04:47:10.577 [info] [Debug - 4:47:10 AM] multiple definitions found for name "dropna" of type 'statement' (83:28):
 <Name full_name='pandas.core.frame.DataFrame.dropna', description='def dropna'>
<Name full_name='pandas.core.frame.DataFrame.dropna', description='def dropna'>
<Name full_name='pandas.core.frame.DataFrame.dropna', description='def dropna'>
2026-09-09 04:47:10.577 [info] [Debug - 4:47:10 AM] multiple definitions found for name "how" of type 'statement' (83:35):
 <Name name='how', description='param how: AnyAll | lib.NoDefault=...'>
<Name name='how', description='param how: AnyAll | lib.NoDefault=...'>
<Name name='how', description='param how: AnyAll | lib.NoDefault=...'>
<Name name='how', description='param how: AnyAll | lib.NoDefault=...'>
<Name name='how', description='param how: AnyAll | lib.NoDefault=...'>
2026-09-09 04:47:10.582 [info] [Debug - 4:47:10 AM] no definitions found for name "info" of type 'statement' (105:19)
2026-09-09 04:47:10.582 [info] [Debug - 4:47:10 AM] no definitions found for name "shape" of type 'statement' (105:63)
2026-09-09 04:47:10.582 [info] [Debug - 4:47:10 AM] no definitions found for name "shape" of type 'statement' (105:83)
2026-09-09 04:47:10.582 [info] [Debug - 4:47:10 AM] no definitions found for name "info" of type 'statement' (109:19)
2026-09-09 04:47:10.582 [info] [Debug - 4:47:10 AM] no definitions found for name "shape" of type 'statement' (109:59)
2026-09-09 04:47:10.586 [info] [Debug - 4:47:10 AM] no definitions found for name "error" of type 'statement' (114:19)
2026-09-09 04:47:10.587 [info] [Debug - 4:47:10 AM] no definitions found for name "error" of type 'statement' (116:19)
2026-09-09 04:47:10.590 [info] [Debug - 4:47:10 AM] no definitions found for name "error" of type 'statement' (118:19)
2026-09-09 04:47:10.590 [info] [Debug - 4:47:10 AM] multiple definitions found for name "path" of type 'statement' (134:14):
 <Name full_name='os.path', description='module ntpath'>
<Name full_name='os.path', description='module posixpath'>
2026-09-09 04:47:10.598 [info] [Debug - 4:47:10 AM] no definitions found for name "warning" of type 'statement' (137:19)
2026-09-09 04:52:52.775 [info] semantic_tokens_full file:///voc/work/exercises/lesson-1-review-code-like-an-engineer/exercises/concept3-dependency-validation-review/starter/file_processor.py 
2026-09-09 04:52:52.801 [info] [Debug - 4:52:52 AM] no matching semantic token for "__name__" of type 'statement' (26:27)
2026-09-09 04:52:52.870 [info] [Debug - 4:52:52 AM] multiple definitions found for name "path" of type 'statement' (43:24):
 <Name full_name='os.path', description='module posixpath'>
<Name full_name='os.path', description='module ntpath'>
2026-09-09 04:52:52.871 [info] [Debug - 4:52:52 AM] multiple definitions found for name "splitext" of type 'statement' (43:29):
 <Name full_name='os.path.splitext', description='def splitext'>
<Name full_name='os.path.splitext', description='def splitext'>
2026-09-09 04:52:52.886 [info] [Debug - 4:52:52 AM] multiple definitions found for name "lower" of type 'statement' (43:52):
 <Name full_name='builtins.bytes.lower', description='def lower'>
<Name full_name='builtins.str.lower', description='def lower'>
2026-09-09 04:52:52.924 [info] [Debug - 4:52:52 AM] multiple definitions found for name "read_csv" of type 'statement' (46:18):
 <Name full_name='pandas.io.parsers.readers.read_csv', description='def read_csv'>
<Name full_name='pandas.io.parsers.readers.read_csv', description='def read_csv'>
<Name full_name='pandas.io.parsers.readers.read_csv', description='def read_csv'>
<Name full_name='pandas.io.parsers.readers.read_csv', description='def read_csv'>
<Name full_name='pandas.io.parsers.readers.read_csv', description='def read_csv'>
2026-09-09 04:52:52.941 [info] [Debug - 4:52:52 AM] multiple definitions found for name "read_excel" of type 'statement' (48:18):
 <Name full_name='pandas.io.excel._base.read_excel', description='def read_excel'>
<Name full_name='pandas.io.excel._base.read_excel', description='def read_excel'>
<Name full_name='pandas.io.excel._base.read_excel', description='def read_excel'>
2026-09-09 04:52:52.951 [info] [Debug - 4:52:52 AM] multiple definitions found for name "read_json" of type 'statement' (50:18):
 <Name full_name='pandas.io.json._json.read_json', description='def read_json'>
<Name full_name='pandas.io.json._json.read_json', description='def read_json'>
<Name full_name='pandas.io.json._json.read_json', description='def read_json'>
<Name full_name='pandas.io.json._json.read_json', description='def read_json'>
<Name full_name='pandas.io.json._json.read_json', description='def read_json'>
2026-09-09 04:52:53.662 [info] [Debug - 4:52:53 AM] multiple definitions found for name "columns" of type 'statement' (71:64):
 <Name full_name='pandas.core.frame.DataFrame._iset_not_inplace.columns', description='self.columns = Index(range(len(self.columns)))'>
<Name full_name='pandas.core.frame.DataFrame._iset_not_inplace.columns', description='self.columns = orig_columns'>
2026-09-09 04:52:53.772 [info] [Debug - 4:52:53 AM] multiple definitions found for name "df_cleaned" of type 'statement' (83:17):
 <Name full_name='exercises.lesson-1-review-code-like-an-engineer.exercises.concept3-dependency-validation-review.starter.file_processor.clean_dataset.df_cleaned', description='df_cleaned[numeric_cols] = scaler.fit_transform(df_cleaned[numeric_cols])'>
<Name full_name='exercises.lesson-1-review-code-like-an-engineer.exercises.concept3-dependency-validation-review.starter.file_processor.clean_dataset.df_cleaned', description='df_cleaned[numeric_cols] = imputer.fit_transform(df_cleaned[numeric_cols])'>
<Name full_name='exercises.lesson-1-review-code-like-an-engineer.exercises.concept3-dependency-validation-review.starter.file_processor.clean_dataset.df_cleaned', description='df_cleaned = df.copy()'>
2026-09-09 04:52:55.198 [info] [Debug - 4:52:55 AM] multiple definitions found for name "dropna" of type 'statement' (83:28):
 <Name full_name='pandas.core.frame.DataFrame.dropna', description='def dropna'>
<Name full_name='pandas.core.frame.DataFrame.dropna', description='def dropna'>
<Name full_name='pandas.core.frame.DataFrame.dropna', description='def dropna'>
2026-09-09 04:52:55.199 [info] [Debug - 4:52:55 AM] multiple definitions found for name "how" of type 'statement' (83:35):
 <Name name='how', description='param how: AnyAll | lib.NoDefault=...'>
<Name name='how', description='param how: AnyAll | lib.NoDefault=...'>
<Name name='how', description='param how: AnyAll | lib.NoDefault=...'>
<Name name='how', description='param how: AnyAll | lib.NoDefault=...'>
<Name name='how', description='param how: AnyAll | lib.NoDefault=...'>
2026-09-09 04:52:55.203 [info] [Debug - 4:52:55 AM] no definitions found for name "info" of type 'statement' (105:19)
2026-09-09 04:52:55.203 [info] [Debug - 4:52:55 AM] no definitions found for name "shape" of type 'statement' (105:63)
2026-09-09 04:52:55.203 [info] [Debug - 4:52:55 AM] no definitions found for name "shape" of type 'statement' (105:83)
2026-09-09 04:52:55.203 [info] [Debug - 4:52:55 AM] no definitions found for name "info" of type 'statement' (109:19)
2026-09-09 04:52:55.203 [info] [Debug - 4:52:55 AM] no definitions found for name "shape" of type 'statement' (109:59)
2026-09-09 04:52:55.208 [info] [Debug - 4:52:55 AM] no definitions found for name "error" of type 'statement' (114:19)
2026-09-09 04:52:55.208 [info] [Debug - 4:52:55 AM] no definitions found for name "error" of type 'statement' (116:19)
2026-09-09 04:52:55.212 [info] [Debug - 4:52:55 AM] no definitions found for name "error" of type 'statement' (118:19)
2026-09-09 04:52:55.212 [info] [Debug - 4:52:55 AM] multiple definitions found for name "path" of type 'statement' (134:14):
 <Name full_name='os.path', description='module posixpath'>
<Name full_name='os.path', description='module ntpath'>
2026-09-09 04:52:55.218 [info] [Debug - 4:52:55 AM] no definitions found for name "warning" of type 'statement' (137:19)
2026-09-09 04:54:28.368 [info] semantic_tokens_full file:///voc/work/exercises/lesson-1-review-code-like-an-engineer/exercises/concept3-dependency-validation-review/solution/file_processor.py 
2026-09-09 04:54:28.390 [info] [Debug - 4:54:28 AM] no matching semantic token for "__name__" of type 'statement' (17:27)
2026-09-09 04:54:28.396 [info] [Debug - 4:54:28 AM] multiple definitions found for name "path" of type 'statement' (42:22):
 <Name full_name='os.path', description='module ntpath'>
<Name full_name='os.path', description='module posixpath'>
2026-09-09 04:54:28.400 [info] [Debug - 4:54:28 AM] multiple definitions found for name "path" of type 'statement' (46:22):
 <Name full_name='os.path', description='module ntpath'>
<Name full_name='os.path', description='module posixpath'>
2026-09-09 04:54:28.401 [info] [Debug - 4:54:28 AM] multiple definitions found for name "isfile" of type 'statement' (46:27):
 <Name full_name='os.path.isfile', description='def isfile'>
<Name full_name='os.path.isfile', description='def isfile'>
2026-09-09 04:54:28.404 [info] [Debug - 4:54:28 AM] multiple definitions found for name "path" of type 'statement' (53:32):
 <Name full_name='os.path', description='module ntpath'>
<Name full_name='os.path', description='module posixpath'>
2026-09-09 04:54:28.408 [info] [Debug - 4:54:28 AM] multiple definitions found for name "splitext" of type 'statement' (53:37):
 <Name full_name='os.path.splitext', description='def splitext'>
<Name full_name='os.path.splitext', description='def splitext'>
2026-09-09 04:54:28.421 [info] [Debug - 4:54:28 AM] multiple definitions found for name "lower" of type 'statement' (53:60):
 <Name full_name='builtins.bytes.lower', description='def lower'>
<Name full_name='builtins.str.lower', description='def lower'>
2026-09-09 04:54:28.481 [info] [Debug - 4:54:28 AM] multiple definitions found for name "read_csv" of type 'statement' (56:30):
 <Name full_name='pandas.io.parsers.readers.read_csv', description='def read_csv'>
<Name full_name='pandas.io.parsers.readers.read_csv', description='def read_csv'>
<Name full_name='pandas.io.parsers.readers.read_csv', description='def read_csv'>
<Name full_name='pandas.io.parsers.readers.read_csv', description='def read_csv'>
<Name full_name='pandas.io.parsers.readers.read_csv', description='def read_csv'>
2026-09-09 04:54:28.492 [info] [Debug - 4:54:28 AM] multiple definitions found for name "read_json" of type 'statement' (58:30):
 <Name full_name='pandas.io.json._json.read_json', description='def read_json'>
<Name full_name='pandas.io.json._json.read_json', description='def read_json'>
<Name full_name='pandas.io.json._json.read_json', description='def read_json'>
<Name full_name='pandas.io.json._json.read_json', description='def read_json'>
<Name full_name='pandas.io.json._json.read_json', description='def read_json'>
2026-09-09 04:54:28.508 [info] [Debug - 4:54:28 AM] multiple definitions found for name "read_excel" of type 'statement' (60:30):
 <Name full_name='pandas.io.excel._base.read_excel', description='def read_excel'>
<Name full_name='pandas.io.excel._base.read_excel', description='def read_excel'>
<Name full_name='pandas.io.excel._base.read_excel', description='def read_excel'>
2026-09-09 04:54:28.514 [info] [Debug - 4:54:28 AM] multiple definitions found for name "raw_data" of type 'statement' (66:43):
 <Name full_name='exercises.lesson-1-review-code-like-an-engineer.exercises.concept3-dependency-validation-review.solution.file_processor.process_uploaded_files.raw_data', description='raw_data = pd.read_excel(file_path)'>
<Name full_name='exercises.lesson-1-review-code-like-an-engineer.exercises.concept3-dependency-validation-review.solution.file_processor.process_uploaded_files.raw_data', description='raw_data = pd.read_json(file_path)'>
<Name full_name='exercises.lesson-1-review-code-like-an-engineer.exercises.concept3-dependency-validation-review.solution.file_processor.process_uploaded_files.raw_data', description='raw_data = pd.read_csv(file_path)'>
2026-09-09 04:54:28.603 [info] semantic_tokens_range file:///voc/work/exercises/lesson-1-review-code-like-an-engineer/exercises/concept3-dependency-validation-review/solution/file_processor.py 0:0-62:24
2026-09-09 04:54:28.615 [info] [Debug - 4:54:28 AM] no matching semantic token for "__name__" of type 'statement' (17:27)
2026-09-09 04:54:28.627 [info] [Debug - 4:54:28 AM] multiple definitions found for name "path" of type 'statement' (42:22):
 <Name full_name='os.path', description='module posixpath'>
<Name full_name='os.path', description='module ntpath'>
2026-09-09 04:54:28.630 [info] [Debug - 4:54:28 AM] multiple definitions found for name "path" of type 'statement' (46:22):
 <Name full_name='os.path', description='module posixpath'>
<Name full_name='os.path', description='module ntpath'>
2026-09-09 04:54:28.632 [info] [Debug - 4:54:28 AM] multiple definitions found for name "isfile" of type 'statement' (46:27):
 <Name full_name='os.path.isfile', description='def isfile'>
<Name full_name='os.path.isfile', description='def isfile'>
2026-09-09 04:54:28.633 [info] [Debug - 4:54:28 AM] multiple definitions found for name "path" of type 'statement' (53:32):
 <Name full_name='os.path', description='module posixpath'>
<Name full_name='os.path', description='module ntpath'>
2026-09-09 04:54:28.636 [info] [Debug - 4:54:28 AM] multiple definitions found for name "splitext" of type 'statement' (53:37):
 <Name full_name='os.path.splitext', description='def splitext'>
<Name full_name='os.path.splitext', description='def splitext'>
2026-09-09 04:54:28.639 [info] ERROR:pygls.protocol.json_rpc:Exception occurred for message "77": _pickle.UnpicklingError: invalid load key, ' '.
NoneType: None

2026-09-09 04:54:28.641 [info] [Error - 4:54:28 AM] Request textDocument/semanticTokens/range failed.
2026-09-09 04:54:28.641 [info]   Message: _pickle.UnpicklingError: invalid load key, ' '.
  Code: -32603 
[object Object]
2026-09-09 04:54:31.779 [info] semantic_tokens_range file:///voc/work/exercises/lesson-1-review-code-like-an-engineer/exercises/concept3-dependency-validation-review/solution/file_processor.py 0:0-66:12
2026-09-09 04:55:05.447 [info] WARNING:pygls.protocol.json_rpc:Cancel notification for unknown message id "79"
WARNING:pygls.protocol.json_rpc:Cancel notification for unknown message id "80"
WARNING:pygls.protocol.json_rpc:Cancel notification for unknown message id "81"
WARNING:pygls.protocol.json_rpc:Cancel notification for unknown message id "82"
WARNING:pygls.protocol.json_rpc:Cancel notification for unknown message id "83"
WARNING:pygls.protocol.json_rpc:Cancel notification for unknown message id "84"
WARNING:pygls.protocol.json_rpc:Cancel notification for unknown message id "85"
WARNING:pygls.protocol.json_rpc:Cancel notification for unknown message id "86"
WARNING:pygls.protocol.json_rpc:Cancel notification for unknown message id "87"
WARNING:pygls.protocol.json_rpc:Cancel notification for unknown message id "88"

2026-09-09 04:55:05.447 [info] WARNING:pygls.protocol.json_rpc:Cancel notification for unknown message id "89"

2026-09-09 04:55:05.456 [info] WARNING:pygls.protocol.json_rpc:Cancel notification for unknown message id "90"
WARNING:pygls.protocol.json_rpc:Cancel notification for unknown message id "91"
WARNING:pygls.protocol.json_rpc:Cancel notification for unknown message id "92"
WARNING:pygls.protocol.json_rpc:Cancel notification for unknown message id "93"
WARNING:pygls.protocol.json_rpc:Cancel notification for unknown message id "94"
WARNING:pygls.protocol.json_rpc:Cancel notification for unknown message id "95"
WARNING:pygls.protocol.json_rpc:Cancel notification for unknown message id "96"
WARNING:pygls.protocol.json_rpc:Cancel notification for unknown message id "97"
WARNING:pygls.protocol.json_rpc:Cancel notification for unknown message id "98"
WARNING:pygls.protocol.json_rpc:Cancel notification for unknown message id "99"
WARNING:pygls.protocol.json_rpc:Cancel notification for unknown message id "100"
WARNING:pygls.protocol.json_rpc:Cancel notification for unknown message id "101"

2026-09-09 04:55:07.926 [info] WARNING:pygls.protocol.json_rpc:Cancel notification for unknown message id "75"

2026-09-09 04:56:43.725 [info] ERROR:pygls.protocol.json_rpc:Failed to handle request 104 textDocument/documentSymbol DocumentSymbolParams(text_document=TextDocumentIdentifier(uri='file:///voc/work/exercises/lesson-1-review-code-like-an-engineer/exercises/concept3-dependency-validation-review/starter/file_processor.py'), work_done_token=None, partial_result_token=None)
Traceback (most recent call last):
  File "/usr/local/lib/code-server-4.103.2/lib/vscode/extensions/ms-python.python-2025.12.0/python_files/lib/jedilsp/pygls/protocol/json_rpc.py", line 266, in _handle_request
    self._execute_request(msg_id, handler, params)
  File "/usr/local/lib/code-server-4.103.2/lib/vscode/extensions/ms-python.python-2025.12.0/python_files/lib/jedilsp/pygls/protocol/json_rpc.py", line 188, in _execute_request
    self._send_response(msg_id, handler(params))
  File "/usr/local/lib/code-server-4.103.2/lib/vscode/extensions/ms-python.python-2025.12.0/python_files/lib/jedilsp/jedi_language_server/server.py", line 546, in document_symbol
    document_symbols = jedi_utils.lsp_document_symbols(names)
  File "/usr/local/lib/code-server-4.103.2/lib/vscode/extensions/ms-python.python-2025.12.0/python_files/lib/jedilsp/jedi_language_server/jedi_utils.py", line 225, in lsp_document_symbols
    symbol_range = _document_symbol_range(name)
  File "/usr/local/lib/code-server-4.103.2/lib/vscode/extensions/ms-python.python-2025.12.0/python_files/lib/jedilsp/jedi_language_server/jedi_utils.py", line 204, in _document_symbol_range
    end = name.get_definition_end_position()
  File "/usr/local/lib/code-server-4.103.2/lib/vscode/extensions/ms-python.python-2025.12.0/python_files/lib/jedilsp/jedi/api/classes.py", line 260, in get_definition_end_position
    if self.type in ("function", "class"):
  File "/usr/local/lib/code-server-4.103.2/lib/vscode/extensions/ms-python.python-2025.12.0/python_files/lib/jedilsp/jedi/api/classes.py", line 190, in type
    for value in self._name.infer():
  File "/usr/local/lib/code-server-4.103.2/lib/vscode/extensions/ms-python.python-2025.12.0/python_files/lib/jedilsp/jedi/inference/names.py", line 281, in infer
    return tree_name_to_values(
  File "/usr/local/lib/code-server-4.103.2/lib/vscode/extensions/ms-python.python-2025.12.0/python_files/lib/jedilsp/jedi/plugins/__init__.py", line 21, in wrapper
    return built_functions[public_name](*args, **kwargs)
  File "/usr/local/lib/code-server-4.103.2/lib/vscode/extensions/ms-python.python-2025.12.0/python_files/lib/jedilsp/jedi/plugins/stdlib.py", line 878, in wrapper
    return func(inference_state, context, tree_name)
  File "/usr/local/lib/code-server-4.103.2/lib/vscode/extensions/ms-python.python-2025.12.0/python_files/lib/jedilsp/jedi/plugins/django.py", line 177, in wrapper
    result = func(inference_state, context, tree_name)
  File "/usr/local/lib/code-server-4.103.2/lib/vscode/extensions/ms-python.python-2025.12.0/python_files/lib/jedilsp/jedi/inference/syntax_tree.py", line 771, in tree_name_to_values
    types = imports.infer_import(context, tree_name)
  File "/usr/local/lib/code-server-4.103.2/lib/vscode/extensions/ms-python.python-2025.12.0/python_files/lib/jedilsp/jedi/inference/cache.py", line 44, in wrapper
    rv = function(obj, *args, **kwargs)
  File "/usr/local/lib/code-server-4.103.2/lib/vscode/extensions/ms-python.python-2025.12.0/python_files/lib/jedilsp/jedi/inference/imports.py", line 53, in infer_import
    _prepare_infer_import(module_context, tree_name)
  File "/usr/local/lib/code-server-4.103.2/lib/vscode/extensions/ms-python.python-2025.12.0/python_files/lib/jedilsp/jedi/inference/imports.py", line 116, in _prepare_infer_import
    return from_import_name, tuple(import_path), import_node.level, importer.follow()
  File "/usr/local/lib/code-server-4.103.2/lib/vscode/extensions/ms-python.python-2025.12.0/python_files/lib/jedilsp/jedi/inference/imports.py", line 296, in follow
    return import_module_by_names(
  File "/usr/local/lib/code-server-4.103.2/lib/vscode/extensions/ms-python.python-2025.12.0/python_files/lib/jedilsp/jedi/inference/imports.py", line 376, in import_module_by_names
    value_set = ValueSet.from_sets([
  File "/usr/local/lib/code-server-4.103.2/lib/vscode/extensions/ms-python.python-2025.12.0/python_files/lib/jedilsp/jedi/inference/imports.py", line 377, in <listcomp>
    import_module(
  File "/usr/local/lib/code-server-4.103.2/lib/vscode/extensions/ms-python.python-2025.12.0/python_files/lib/jedilsp/jedi/plugins/__init__.py", line 21, in wrapper
    return built_functions[public_name](*args, **kwargs)
  File "/usr/local/lib/code-server-4.103.2/lib/vscode/extensions/ms-python.python-2025.12.0/python_files/lib/jedilsp/jedi/plugins/flask.py", line 20, in wrapper
    return callback(inference_state, import_names, module_context, *args, **kwargs)
  File "/usr/local/lib/code-server-4.103.2/lib/vscode/extensions/ms-python.python-2025.12.0/python_files/lib/jedilsp/jedi/inference/gradual/typeshed.py", line 115, in wrapper
    python_value_set = ValueSet.from_sets(
  File "/usr/local/lib/code-server-4.103.2/lib/vscode/extensions/ms-python.python-2025.12.0/python_files/lib/jedilsp/jedi/inference/base_value.py", line 430, in from_sets
    for set_ in sets:
  File "/usr/local/lib/code-server-4.103.2/lib/vscode/extensions/ms-python.python-2025.12.0/python_files/lib/jedilsp/jedi/inference/gradual/typeshed.py", line 116, in <genexpr>
    func(inference_state, import_names, p, sys_path,)
  File "/usr/local/lib/code-server-4.103.2/lib/vscode/extensions/ms-python.python-2025.12.0/python_files/lib/jedilsp/jedi/inference/imports.py", line 411, in import_module
    file_io_or_ns, is_pkg = inference_state.compiled_subprocess.get_module_info(
  File "/usr/local/lib/code-server-4.103.2/lib/vscode/extensions/ms-python.python-2025.12.0/python_files/lib/jedilsp/jedi/inference/compiled/subprocess/__init__.py", line 188, in wrapper
    result = self._compiled_subprocess.run(
  File "/usr/local/lib/code-server-4.103.2/lib/vscode/extensions/ms-python.python-2025.12.0/python_files/lib/jedilsp/jedi/inference/compiled/subprocess/__init__.py", line 296, in run
    return self._send(inference_state_id, function, args, kwargs)
  File "/usr/local/lib/code-server-4.103.2/lib/vscode/extensions/ms-python.python-2025.12.0/python_files/lib/jedilsp/jedi/inference/compiled/subprocess/__init__.py", line 318, in _send
    is_exception, traceback, result = pickle_load(self._get_process().stdout)
  File "/usr/local/lib/code-server-4.103.2/lib/vscode/extensions/ms-python.python-2025.12.0/python_files/lib/jedilsp/jedi/_compatibility.py", line 25, in pickle_load
    return Unpickler(file).load()
_pickle.UnpicklingError: invalid load key, ' '.

2026-09-09 04:56:43.725 [info] ERROR:pygls.protocol.json_rpc:Exception occurred for message "75": _pickle.UnpicklingError: invalid load key, ' '.
NoneType: None
ERROR:pygls.protocol.json_rpc:Exception occurred for message "79": _pickle.UnpicklingError: invalid load key, ' '.
NoneType: None

2026-09-09 04:56:43.726 [info] [Error - 4:56:43 AM] Request textDocument/semanticTokens/full failed.
2026-09-09 04:56:43.726 [info]   Message: _pickle.UnpicklingError: invalid load key, ' '.
  Code: -32603 
[object Object]
2026-09-09 04:56:43.727 [info] [Error - 4:56:43 AM] Request textDocument/semanticTokens/range failed.
2026-09-09 04:56:43.736 [info]   Message: _pickle.UnpicklingError: invalid load key, ' '.
  Code: -32603 
[object Object]
2026-09-09 04:56:43.736 [info] ERROR:pygls.protocol.json_rpc:Exception occurred for message "80": _pickle.UnpicklingError: invalid load key, ' '.
NoneType: None
ERROR:pygls.protocol.json_rpc:Exception occurred for message "81": _pickle.UnpicklingError: invalid load key, ' '.
NoneType: None

2026-09-09 04:56:43.736 [info] semantic_tokens_range file:///voc/work/exercises/lesson-1-review-code-like-an-engineer/exercises/concept3-dependency-validation-review/solution/file_processor.py 0:0-66:12
2026-09-09 04:56:43.736 [info] [Error - 4:56:43 AM] Request textDocument/documentSymbol failed.
2026-09-09 04:56:43.745 [info]   Message: _pickle.UnpicklingError: invalid load key, ' '.
  Code: -32603 
[object Object]
2026-09-09 04:56:43.745 [info] ERROR:pygls.protocol.json_rpc:Exception occurred for message "82": _pickle.UnpicklingError: invalid load key, ' '.
NoneType: None

2026-09-09 04:56:43.745 [info] semantic_tokens_range file:///voc/work/exercises/lesson-1-review-code-like-an-engineer/exercises/concept3-dependency-validation-review/solution/file_processor.py 0:0-70:90
2026-09-09 04:56:43.745 [info] ERROR:pygls.protocol.json_rpc:Exception occurred for message "83": _pickle.UnpicklingError: invalid load key, ' '.
NoneType: None

2026-09-09 04:56:43.745 [info] [Error - 4:56:43 AM] Request textDocument/semanticTokens/range failed.
2026-09-09 04:56:43.745 [info]   Message: _pickle.UnpicklingError: invalid load key, ' '.
  Code: -32603 
[object Object]
2026-09-09 04:56:43.749 [info] [Error - 4:56:43 AM] Request textDocument/semanticTokens/range failed.
2026-09-09 04:56:43.749 [info]   Message: _pickle.UnpicklingError: invalid load key, ' '.
  Code: -32603 
[object Object]
2026-09-09 04:56:43.750 [info] semantic_tokens_range file:///voc/work/exercises/lesson-1-review-code-like-an-engineer/exercises/concept3-dependency-validation-review/solution/file_processor.py 0:0-75:42
2026-09-09 04:56:43.758 [info] ERROR:pygls.protocol.json_rpc:Exception occurred for message "84": _pickle.UnpicklingError: invalid load key, ' '.
NoneType: None
ERROR:pygls.protocol.json_rpc:Exception occurred for message "85": _pickle.UnpicklingError: invalid load key, ' '.
NoneType: None

2026-09-09 04:56:43.759 [info] [Error - 4:56:43 AM] Request textDocument/semanticTokens/range failed.
2026-09-09 04:56:43.759 [info]   Message: _pickle.UnpicklingError: invalid load key, ' '.
  Code: -32603 
[object Object]
2026-09-09 04:56:43.759 [info] semantic_tokens_range file:///voc/work/exercises/lesson-1-review-code-like-an-engineer/exercises/concept3-dependency-validation-review/solution/file_processor.py 0:0-80:20
2026-09-09 04:56:43.759 [info] [Error - 4:56:43 AM] Request textDocument/semanticTokens/range failed.
2026-09-09 04:56:43.759 [info]   Message: _pickle.UnpicklingError: invalid load key, ' '.
  Code: -32603 
[object Object]
2026-09-09 04:56:43.762 [info] ERROR:pygls.protocol.json_rpc:Exception occurred for message "86": _pickle.UnpicklingError: invalid load key, ' '.
NoneType: None

2026-09-09 04:56:43.763 [info] semantic_tokens_range file:///voc/work/exercises/lesson-1-review-code-like-an-engineer/exercises/concept3-dependency-validation-review/solution/file_processor.py 0:0-88:109
2026-09-09 04:56:43.763 [info] [Error - 4:56:43 AM] Request textDocument/semanticTokens/range failed.
2026-09-09 04:56:43.763 [info]   Message: _pickle.UnpicklingError: invalid load key, ' '.
  Code: -32603 
[object Object]
2026-09-09 04:56:43.763 [info] semantic_tokens_range file:///voc/work/exercises/lesson-1-review-code-like-an-engineer/exercises/concept3-dependency-validation-review/solution/file_processor.py 3:0-97:4
2026-09-09 04:56:43.771 [info] ERROR:pygls.protocol.json_rpc:Exception occurred for message "87": _pickle.UnpicklingError: invalid load key, ' '.
NoneType: None
ERROR:pygls.protocol.json_rpc:Exception occurred for message "88": _pickle.UnpicklingError: invalid load key, ' '.
NoneType: None

2026-09-09 04:56:43.771 [info] [Error - 4:56:43 AM] Request textDocument/semanticTokens/range failed.
2026-09-09 04:56:43.771 [info]   Message: _pickle.UnpicklingError: invalid load key, ' '.
  Code: -32603 
[object Object]
2026-09-09 04:56:43.771 [info] semantic_tokens_range file:///voc/work/exercises/lesson-1-review-code-like-an-engineer/exercises/concept3-dependency-validation-review/solution/file_processor.py 3:0-97:4
2026-09-09 04:56:43.771 [info] [Error - 4:56:43 AM] Request textDocument/semanticTokens/range failed.
2026-09-09 04:56:43.771 [info]   Message: _pickle.UnpicklingError: invalid load key, ' '.
  Code: -32603 
[object Object]
2026-09-09 04:56:43.771 [info] semantic_tokens_range file:///voc/work/exercises/lesson-1-review-code-like-an-engineer/exercises/concept3-dependency-validation-review/solution/file_processor.py 13:0-107:42
2026-09-09 04:56:43.771 [info] [Error - 4:56:43 AM] Request textDocument/semanticTokens/range failed.
2026-09-09 04:56:43.771 [info]   Message: _pickle.UnpicklingError: invalid load key, ' '.
  Code: -32603 
[object Object]
2026-09-09 04:56:43.772 [info] semantic_tokens_range file:///voc/work/exercises/lesson-1-review-code-like-an-engineer/exercises/concept3-dependency-validation-review/solution/file_processor.py 22:0-116:18
2026-09-09 04:56:43.781 [info] ERROR:pygls.protocol.json_rpc:Exception occurred for message "89": _pickle.UnpicklingError: invalid load key, ' '.
NoneType: None
ERROR:pygls.protocol.json_rpc:Exception occurred for message "90": _pickle.UnpicklingError: invalid load key, ' '.
NoneType: None

2026-09-09 04:56:43.781 [info] [Error - 4:56:43 AM] Request textDocument/semanticTokens/range failed.
2026-09-09 04:56:43.781 [info]   Message: _pickle.UnpicklingError: invalid load key, ' '.
  Code: -32603 
[object Object]
2026-09-09 04:56:43.781 [info] semantic_tokens_range file:///voc/work/exercises/lesson-1-review-code-like-an-engineer/exercises/concept3-dependency-validation-review/solution/file_processor.py 23:0-117:0
2026-09-09 04:56:43.781 [info] [Error - 4:56:43 AM] Request textDocument/semanticTokens/range failed.
2026-09-09 04:56:43.781 [info]   Message: _pickle.UnpicklingError: invalid load key, ' '.
  Code: -32603 
[object Object]
2026-09-09 04:56:43.781 [info] semantic_tokens_range file:///voc/work/exercises/lesson-1-review-code-like-an-engineer/exercises/concept3-dependency-validation-review/solution/file_processor.py 32:0-126:8
2026-09-09 04:56:43.781 [info] [Error - 4:56:43 AM] Request textDocument/semanticTokens/range failed.
2026-09-09 04:56:43.781 [info]   Message: _pickle.UnpicklingError: invalid load key, ' '.
  Code: -32603 
[object Object]
2026-09-09 04:56:43.781 [info] semantic_tokens_range file:///voc/work/exercises/lesson-1-review-code-like-an-engineer/exercises/concept3-dependency-validation-review/solution/file_processor.py 43:0-132:28
2026-09-09 04:56:43.783 [info] ERROR:pygls.protocol.json_rpc:Exception occurred for message "91": _pickle.UnpicklingError: invalid load key, ' '.
NoneType: None

2026-09-09 04:56:43.784 [info] [Error - 4:56:43 AM] Request textDocument/semanticTokens/range failed.
2026-09-09 04:56:43.784 [info]   Message: _pickle.UnpicklingError: invalid load key, ' '.
  Code: -32603 
[object Object]
2026-09-09 04:56:43.784 [info] semantic_tokens_range file:///voc/work/exercises/lesson-1-review-code-like-an-engineer/exercises/concept3-dependency-validation-review/solution/file_processor.py 52:0-132:28
2026-09-09 04:56:43.788 [info] ERROR:pygls.protocol.json_rpc:Exception occurred for message "92": _pickle.UnpicklingError: invalid load key, ' '.
NoneType: None

2026-09-09 04:56:43.794 [info] ERROR:pygls.protocol.json_rpc:Exception occurred for message "93": _pickle.UnpicklingError: invalid load key, ' '.
NoneType: None

2026-09-09 04:56:43.794 [info] [Error - 4:56:43 AM] Request textDocument/semanticTokens/range failed.
2026-09-09 04:56:43.794 [info]   Message: _pickle.UnpicklingError: invalid load key, ' '.
  Code: -32603 
[object Object]
2026-09-09 04:56:43.794 [info] semantic_tokens_range file:///voc/work/exercises/lesson-1-review-code-like-an-engineer/exercises/concept3-dependency-validation-review/solution/file_processor.py 61:0-132:28
2026-09-09 04:56:43.794 [info] [Error - 4:56:43 AM] Request textDocument/semanticTokens/range failed.
2026-09-09 04:56:43.794 [info]   Message: _pickle.UnpicklingError: invalid load key, ' '.
  Code: -32603 
[object Object]
2026-09-09 04:56:43.794 [info] semantic_tokens_range file:///voc/work/exercises/lesson-1-review-code-like-an-engineer/exercises/concept3-dependency-validation-review/solution/file_processor.py 67:0-132:28
2026-09-09 04:56:43.798 [info] ERROR:pygls.protocol.json_rpc:Exception occurred for message "94": _pickle.UnpicklingError: invalid load key, ' '.
NoneType: None

2026-09-09 04:56:43.807 [info] ERROR:pygls.protocol.json_rpc:Exception occurred for message "95": _pickle.UnpicklingError: invalid load key, ' '.
NoneType: None

2026-09-09 04:56:43.807 [info] [Error - 4:56:43 AM] Request textDocument/semanticTokens/range failed.
2026-09-09 04:56:43.807 [info]   Message: _pickle.UnpicklingError: invalid load key, ' '.
  Code: -32603 
[object Object]
2026-09-09 04:56:43.807 [info] semantic_tokens_range file:///voc/work/exercises/lesson-1-review-code-like-an-engineer/exercises/concept3-dependency-validation-review/solution/file_processor.py 72:0-132:28
2026-09-09 04:56:43.807 [info] [Error - 4:56:43 AM] Request textDocument/semanticTokens/range failed.
2026-09-09 04:56:43.807 [info]   Message: _pickle.UnpicklingError: invalid load key, ' '.
  Code: -32603 
[object Object]
2026-09-09 04:56:43.807 [info] semantic_tokens_range file:///voc/work/exercises/lesson-1-review-code-like-an-engineer/exercises/concept3-dependency-validation-review/solution/file_processor.py 68:0-132:28
2026-09-09 04:56:43.808 [info] ERROR:pygls.protocol.json_rpc:Exception occurred for message "96": _pickle.UnpicklingError: invalid load key, ' '.
NoneType: None

2026-09-09 04:56:43.808 [info] [Error - 4:56:43 AM] Request textDocument/semanticTokens/range failed.
2026-09-09 04:56:43.808 [info]   Message: _pickle.UnpicklingError: invalid load key, ' '.
  Code: -32603 
[object Object]
2026-09-09 04:56:43.811 [info] semantic_tokens_range file:///voc/work/exercises/lesson-1-review-code-like-an-engineer/exercises/concept3-dependency-validation-review/solution/file_processor.py 63:0-132:28
2026-09-09 04:56:43.813 [info] ERROR:pygls.protocol.json_rpc:Exception occurred for message "97": _pickle.UnpicklingError: invalid load key, ' '.
NoneType: None

2026-09-09 04:56:43.821 [info] ERROR:pygls.protocol.json_rpc:Exception occurred for message "98": _pickle.UnpicklingError: invalid load key, ' '.
NoneType: None

2026-09-09 04:56:43.821 [info] [Error - 4:56:43 AM] Request textDocument/semanticTokens/range failed.
2026-09-09 04:56:43.821 [info]   Message: _pickle.UnpicklingError: invalid load key, ' '.
  Code: -32603 
[object Object]
2026-09-09 04:56:43.821 [info] semantic_tokens_range file:///voc/work/exercises/lesson-1-review-code-like-an-engineer/exercises/concept3-dependency-validation-review/solution/file_processor.py 58:0-132:28
2026-09-09 04:56:43.821 [info] [Error - 4:56:43 AM] Request textDocument/semanticTokens/range failed.
2026-09-09 04:56:43.821 [info]   Message: _pickle.UnpicklingError: invalid load key, ' '.
  Code: -32603 
[object Object]
2026-09-09 04:56:43.821 [info] semantic_tokens_range file:///voc/work/exercises/lesson-1-review-code-like-an-engineer/exercises/concept3-dependency-validation-review/solution/file_processor.py 52:0-132:28
2026-09-09 04:56:43.823 [info] ERROR:pygls.protocol.json_rpc:Exception occurred for message "99": _pickle.UnpicklingError: invalid load key, ' '.
NoneType: None

2026-09-09 04:56:43.823 [info] [Error - 4:56:43 AM] Request textDocument/semanticTokens/range failed.
2026-09-09 04:56:43.823 [info]   Message: _pickle.UnpicklingError: invalid load key, ' '.
  Code: -32603 
[object Object]
2026-09-09 04:56:43.824 [info] semantic_tokens_range file:///voc/work/exercises/lesson-1-review-code-like-an-engineer/exercises/concept3-dependency-validation-review/solution/file_processor.py 45:0-132:28
2026-09-09 04:56:43.827 [info] ERROR:pygls.protocol.json_rpc:Exception occurred for message "100": _pickle.UnpicklingError: invalid load key, ' '.
NoneType: None

2026-09-09 04:56:43.834 [info] ERROR:pygls.protocol.json_rpc:Exception occurred for message "101": _pickle.UnpicklingError: invalid load key, ' '.
NoneType: None

2026-09-09 04:56:43.834 [info] [Error - 4:56:43 AM] Request textDocument/semanticTokens/range failed.
2026-09-09 04:56:43.834 [info]   Message: _pickle.UnpicklingError: invalid load key, ' '.
  Code: -32603 
[object Object]
2026-09-09 04:56:43.834 [info] semantic_tokens_range file:///voc/work/exercises/lesson-1-review-code-like-an-engineer/exercises/concept3-dependency-validation-review/solution/file_processor.py 45:0-132:28
2026-09-09 04:56:43.834 [info] [Error - 4:56:43 AM] Request textDocument/semanticTokens/range failed.
2026-09-09 04:56:43.834 [info]   Message: _pickle.UnpicklingError: invalid load key, ' '.
  Code: -32603 
[object Object]
2026-09-09 04:56:45.389 [info] semantic_tokens_full file:///voc/work/exercises/lesson-1-review-code-like-an-engineer/exercises/concept3-dependency-validation-review/starter/file_processor.py 
2026-09-09 04:56:45.393 [info] ERROR:pygls.protocol.json_rpc:Exception occurred for message "106": _pickle.UnpicklingError: invalid load key, ' '.
NoneType: None

2026-09-09 04:56:45.402 [info] [Error - 4:56:45 AM] Request textDocument/semanticTokens/full failed.
2026-09-09 04:56:45.402 [info]   Message: _pickle.UnpicklingError: invalid load key, ' '.
  Code: -32603 
[object Object]
2026-09-09 04:57:26.304 [info] semantic_tokens_full file:///voc/work/exercises/lesson-1-review-code-like-an-engineer/exercises/concept3-dependency-validation-review/solution/file_processor.py 
2026-09-09 04:57:26.309 [info] ERROR:pygls.protocol.json_rpc:Exception occurred for message "109": _pickle.UnpicklingError: invalid load key, ' '.
NoneType: None

2026-09-09 04:57:26.314 [info] [Error - 4:57:26 AM] Request textDocument/semanticTokens/full failed.
2026-09-09 04:57:26.314 [info]   Message: _pickle.UnpicklingError: invalid load key, ' '.
  Code: -32603 
[object Object]
2026-09-09 04:57:26.515 [info] semantic_tokens_range file:///voc/work/exercises/lesson-1-review-code-like-an-engineer/exercises/concept3-dependency-validation-review/solution/file_processor.py 45:0-132:28
2026-09-09 04:57:26.519 [info] ERROR:pygls.protocol.json_rpc:Exception occurred for message "111": _pickle.UnpicklingError: invalid load key, ' '.
NoneType: None

2026-09-09 04:57:26.525 [info] [Error - 4:57:26 AM] Request textDocument/semanticTokens/range failed.
2026-09-09 04:57:26.525 [info]   Message: _pickle.UnpicklingError: invalid load key, ' '.
  Code: -32603 
[object Object]
2026-09-09 04:57:28.303 [info] semantic_tokens_range file:///voc/work/exercises/lesson-1-review-code-like-an-engineer/exercises/concept3-dependency-validation-review/solution/file_processor.py 0:0-62:24
2026-09-09 04:57:28.307 [info] ERROR:pygls.protocol.json_rpc:Exception occurred for message "113": _pickle.UnpicklingError: invalid load key, ' '.
NoneType: None

2026-09-09 04:57:28.312 [info] [Error - 4:57:28 AM] Request textDocument/semanticTokens/range failed.
2026-09-09 04:57:28.312 [info]   Message: _pickle.UnpicklingError: invalid load key, ' '.
  Code: -32603 
[object Object]
2026-09-09 04:57:33.679 [info] ERROR:pygls.protocol.json_rpc:Failed to handle request 116 textDocument/documentSymbol DocumentSymbolParams(text_document=TextDocumentIdentifier(uri='file:///voc/work/exercises/lesson-1-review-code-like-an-engineer/exercises/concept3-dependency-validation-review/starter/file_processor.py'), work_done_token=None, partial_result_token=None)
Traceback (most recent call last):
  File "/usr/local/lib/code-server-4.103.2/lib/vscode/extensions/ms-python.python-2025.12.0/python_files/lib/jedilsp/pygls/protocol/json_rpc.py", line 266, in _handle_request
    self._execute_request(msg_id, handler, params)
  File "/usr/local/lib/code-server-4.103.2/lib/vscode/extensions/ms-python.python-2025.12.0/python_files/lib/jedilsp/pygls/protocol/json_rpc.py", line 188, in _execute_request
    self._send_response(msg_id, handler(params))
  File "/usr/local/lib/code-server-4.103.2/lib/vscode/extensions/ms-python.python-2025.12.0/python_files/lib/jedilsp/jedi_language_server/server.py", line 546, in document_symbol
    document_symbols = jedi_utils.lsp_document_symbols(names)
  File "/usr/local/lib/code-server-4.103.2/lib/vscode/extensions/ms-python.python-2025.12.0/python_files/lib/jedilsp/jedi_language_server/jedi_utils.py", line 225, in lsp_document_symbols
    symbol_range = _document_symbol_range(name)
  File "/usr/local/lib/code-server-4.103.2/lib/vscode/extensions/ms-python.python-2025.12.0/python_files/lib/jedilsp/jedi_language_server/jedi_utils.py", line 204, in _document_symbol_range
    end = name.get_definition_end_position()
  File "/usr/local/lib/code-server-4.103.2/lib/vscode/extensions/ms-python.python-2025.12.0/python_files/lib/jedilsp/jedi/api/classes.py", line 260, in get_definition_end_position
    if self.type in ("function", "class"):
  File "/usr/local/lib/code-server-4.103.2/lib/vscode/extensions/ms-python.python-2025.12.0/python_files/lib/jedilsp/jedi/api/classes.py", line 190, in type
    for value in self._name.infer():
  File "/usr/local/lib/code-server-4.103.2/lib/vscode/extensions/ms-python.python-2025.12.0/python_files/lib/jedilsp/jedi/inference/names.py", line 281, in infer
    return tree_name_to_values(
  File "/usr/local/lib/code-server-4.103.2/lib/vscode/extensions/ms-python.python-2025.12.0/python_files/lib/jedilsp/jedi/plugins/__init__.py", line 21, in wrapper
    return built_functions[public_name](*args, **kwargs)
  File "/usr/local/lib/code-server-4.103.2/lib/vscode/extensions/ms-python.python-2025.12.0/python_files/lib/jedilsp/jedi/plugins/stdlib.py", line 878, in wrapper
    return func(inference_state, context, tree_name)
  File "/usr/local/lib/code-server-4.103.2/lib/vscode/extensions/ms-python.python-2025.12.0/python_files/lib/jedilsp/jedi/plugins/django.py", line 177, in wrapper
    result = func(inference_state, context, tree_name)
  File "/usr/local/lib/code-server-4.103.2/lib/vscode/extensions/ms-python.python-2025.12.0/python_files/lib/jedilsp/jedi/inference/syntax_tree.py", line 771, in tree_name_to_values
    types = imports.infer_import(context, tree_name)
  File "/usr/local/lib/code-server-4.103.2/lib/vscode/extensions/ms-python.python-2025.12.0/python_files/lib/jedilsp/jedi/inference/cache.py", line 44, in wrapper
    rv = function(obj, *args, **kwargs)
  File "/usr/local/lib/code-server-4.103.2/lib/vscode/extensions/ms-python.python-2025.12.0/python_files/lib/jedilsp/jedi/inference/imports.py", line 53, in infer_import
    _prepare_infer_import(module_context, tree_name)
  File "/usr/local/lib/code-server-4.103.2/lib/vscode/extensions/ms-python.python-2025.12.0/python_files/lib/jedilsp/jedi/inference/imports.py", line 116, in _prepare_infer_import
    return from_import_name, tuple(import_path), import_node.level, importer.follow()
  File "/usr/local/lib/code-server-4.103.2/lib/vscode/extensions/ms-python.python-2025.12.0/python_files/lib/jedilsp/jedi/inference/imports.py", line 296, in follow
    return import_module_by_names(
  File "/usr/local/lib/code-server-4.103.2/lib/vscode/extensions/ms-python.python-2025.12.0/python_files/lib/jedilsp/jedi/inference/imports.py", line 376, in import_module_by_names
    value_set = ValueSet.from_sets([
  File "/usr/local/lib/code-server-4.103.2/lib/vscode/extensions/ms-python.python-2025.12.0/python_files/lib/jedilsp/jedi/inference/imports.py", line 377, in <listcomp>
    import_module(
  File "/usr/local/lib/code-server-4.103.2/lib/vscode/extensions/ms-python.python-2025.12.0/python_files/lib/jedilsp/jedi/plugins/__init__.py", line 21, in wrapper
    return built_functions[public_name](*args, **kwargs)
  File "/usr/local/lib/code-server-4.103.2/lib/vscode/extensions/ms-python.python-2025.12.0/python_files/lib/jedilsp/jedi/plugins/flask.py", line 20, in wrapper
    return callback(inference_state, import_names, module_context, *args, **kwargs)
  File "/usr/local/lib/code-server-4.103.2/lib/vscode/extensions/ms-python.python-2025.12.0/python_files/lib/jedilsp/jedi/inference/gradual/typeshed.py", line 115, in wrapper
    python_value_set = ValueSet.from_sets(
  File "/usr/local/lib/code-server-4.103.2/lib/vscode/extensions/ms-python.python-2025.12.0/python_files/lib/jedilsp/jedi/inference/base_value.py", line 430, in from_sets
    for set_ in sets:
  File "/usr/local/lib/code-server-4.103.2/lib/vscode/extensions/ms-python.python-2025.12.0/python_files/lib/jedilsp/jedi/inference/gradual/typeshed.py", line 116, in <genexpr>
    func(inference_state, import_names, p, sys_path,)
  File "/usr/local/lib/code-server-4.103.2/lib/vscode/extensions/ms-python.python-2025.12.0/python_files/lib/jedilsp/jedi/inference/imports.py", line 411, in import_module
    file_io_or_ns, is_pkg = inference_state.compiled_subprocess.get_module_info(
  File "/usr/local/lib/code-server-4.103.2/lib/vscode/extensions/ms-python.python-2025.12.0/python_files/lib/jedilsp/jedi/inference/compiled/subprocess/__init__.py", line 188, in wrapper
    result = self._compiled_subprocess.run(
  File "/usr/local/lib/code-server-4.103.2/lib/vscode/extensions/ms-python.python-2025.12.0/python_files/lib/jedilsp/jedi/inference/compiled/subprocess/__init__.py", line 296, in run
    return self._send(inference_state_id, function, args, kwargs)
  File "/usr/local/lib/code-server-4.103.2/lib/vscode/extensions/ms-python.python-2025.12.0/python_files/lib/jedilsp/jedi/inference/compiled/subprocess/__init__.py", line 318, in _send
    is_exception, traceback, result = pickle_load(self._get_process().stdout)
  File "/usr/local/lib/code-server-4.103.2/lib/vscode/extensions/ms-python.python-2025.12.0/python_files/lib/jedilsp/jedi/_compatibility.py", line 25, in pickle_load
    return Unpickler(file).load()
_pickle.UnpicklingError: invalid load key, ' '.

2026-09-09 04:57:33.679 [info] [Error - 4:57:33 AM] Request textDocument/documentSymbol failed.
2026-09-09 04:57:33.688 [info]   Message: _pickle.UnpicklingError: invalid load key, ' '.
  Code: -32603 
[object Object]
2026-09-09 04:57:35.384 [info] semantic_tokens_full file:///voc/work/exercises/lesson-1-review-code-like-an-engineer/exercises/concept3-dependency-validation-review/starter/file_processor.py 
2026-09-09 04:57:35.388 [info] ERROR:pygls.protocol.json_rpc:Exception occurred for message "117": _pickle.UnpicklingError: invalid load key, ' '.
NoneType: None

2026-09-09 04:57:35.393 [info] [Error - 4:57:35 AM] Request textDocument/semanticTokens/full failed.
2026-09-09 04:57:35.393 [info]   Message: _pickle.UnpicklingError: invalid load key, ' '.
  Code: -32603 
[object Object]
2026-09-09 04:58:12.341 [info] ERROR:pygls.protocol.json_rpc:Failed to handle request 120 textDocument/documentSymbol DocumentSymbolParams(text_document=TextDocumentIdentifier(uri='file:///voc/work/exercises/lesson-1-review-code-like-an-engineer/exercises/concept3-dependency-validation-review/starter/file_processor.py'), work_done_token=None, partial_result_token=None)
Traceback (most recent call last):
  File "/usr/local/lib/code-server-4.103.2/lib/vscode/extensions/ms-python.python-2025.12.0/python_files/lib/jedilsp/pygls/protocol/json_rpc.py", line 266, in _handle_request
    self._execute_request(msg_id, handler, params)
  File "/usr/local/lib/code-server-4.103.2/lib/vscode/extensions/ms-python.python-2025.12.0/python_files/lib/jedilsp/pygls/protocol/json_rpc.py", line 188, in _execute_request
    self._send_response(msg_id, handler(params))
  File "/usr/local/lib/code-server-4.103.2/lib/vscode/extensions/ms-python.python-2025.12.0/python_files/lib/jedilsp/jedi_language_server/server.py", line 546, in document_symbol
    document_symbols = jedi_utils.lsp_document_symbols(names)
  File "/usr/local/lib/code-server-4.103.2/lib/vscode/extensions/ms-python.python-2025.12.0/python_files/lib/jedilsp/jedi_language_server/jedi_utils.py", line 225, in lsp_document_symbols
    symbol_range = _document_symbol_range(name)
  File "/usr/local/lib/code-server-4.103.2/lib/vscode/extensions/ms-python.python-2025.12.0/python_files/lib/jedilsp/jedi_language_server/jedi_utils.py", line 204, in _document_symbol_range
    end = name.get_definition_end_position()
  File "/usr/local/lib/code-server-4.103.2/lib/vscode/extensions/ms-python.python-2025.12.0/python_files/lib/jedilsp/jedi/api/classes.py", line 260, in get_definition_end_position
    if self.type in ("function", "class"):
  File "/usr/local/lib/code-server-4.103.2/lib/vscode/extensions/ms-python.python-2025.12.0/python_files/lib/jedilsp/jedi/api/classes.py", line 190, in type
    for value in self._name.infer():
  File "/usr/local/lib/code-server-4.103.2/lib/vscode/extensions/ms-python.python-2025.12.0/python_files/lib/jedilsp/jedi/inference/names.py", line 281, in infer
    return tree_name_to_values(
  File "/usr/local/lib/code-server-4.103.2/lib/vscode/extensions/ms-python.python-2025.12.0/python_files/lib/jedilsp/jedi/plugins/__init__.py", line 21, in wrapper
    return built_functions[public_name](*args, **kwargs)
  File "/usr/local/lib/code-server-4.103.2/lib/vscode/extensions/ms-python.python-2025.12.0/python_files/lib/jedilsp/jedi/plugins/stdlib.py", line 878, in wrapper
    return func(inference_state, context, tree_name)
  File "/usr/local/lib/code-server-4.103.2/lib/vscode/extensions/ms-python.python-2025.12.0/python_files/lib/jedilsp/jedi/plugins/django.py", line 177, in wrapper
    result = func(inference_state, context, tree_name)
  File "/usr/local/lib/code-server-4.103.2/lib/vscode/extensions/ms-python.python-2025.12.0/python_files/lib/jedilsp/jedi/inference/syntax_tree.py", line 771, in tree_name_to_values
    types = imports.infer_import(context, tree_name)
  File "/usr/local/lib/code-server-4.103.2/lib/vscode/extensions/ms-python.python-2025.12.0/python_files/lib/jedilsp/jedi/inference/cache.py", line 44, in wrapper
    rv = function(obj, *args, **kwargs)
  File "/usr/local/lib/code-server-4.103.2/lib/vscode/extensions/ms-python.python-2025.12.0/python_files/lib/jedilsp/jedi/inference/imports.py", line 53, in infer_import
    _prepare_infer_import(module_context, tree_name)
  File "/usr/local/lib/code-server-4.103.2/lib/vscode/extensions/ms-python.python-2025.12.0/python_files/lib/jedilsp/jedi/inference/imports.py", line 116, in _prepare_infer_import
    return from_import_name, tuple(import_path), import_node.level, importer.follow()
  File "/usr/local/lib/code-server-4.103.2/lib/vscode/extensions/ms-python.python-2025.12.0/python_files/lib/jedilsp/jedi/inference/imports.py", line 296, in follow
    return import_module_by_names(
  File "/usr/local/lib/code-server-4.103.2/lib/vscode/extensions/ms-python.python-2025.12.0/python_files/lib/jedilsp/jedi/inference/imports.py", line 376, in import_module_by_names
    value_set = ValueSet.from_sets([
  File "/usr/local/lib/code-server-4.103.2/lib/vscode/extensions/ms-python.python-2025.12.0/python_files/lib/jedilsp/jedi/inference/imports.py", line 377, in <listcomp>
    import_module(
  File "/usr/local/lib/code-server-4.103.2/lib/vscode/extensions/ms-python.python-2025.12.0/python_files/lib/jedilsp/jedi/plugins/__init__.py", line 21, in wrapper
    return built_functions[public_name](*args, **kwargs)
  File "/usr/local/lib/code-server-4.103.2/lib/vscode/extensions/ms-python.python-2025.12.0/python_files/lib/jedilsp/jedi/plugins/flask.py", line 20, in wrapper
    return callback(inference_state, import_names, module_context, *args, **kwargs)
  File "/usr/local/lib/code-server-4.103.2/lib/vscode/extensions/ms-python.python-2025.12.0/python_files/lib/jedilsp/jedi/inference/gradual/typeshed.py", line 115, in wrapper
    python_value_set = ValueSet.from_sets(
  File "/usr/local/lib/code-server-4.103.2/lib/vscode/extensions/ms-python.python-2025.12.0/python_files/lib/jedilsp/jedi/inference/base_value.py", line 430, in from_sets
    for set_ in sets:
  File "/usr/local/lib/code-server-4.103.2/lib/vscode/extensions/ms-python.python-2025.12.0/python_files/lib/jedilsp/jedi/inference/gradual/typeshed.py", line 116, in <genexpr>
    func(inference_state, import_names, p, sys_path,)
  File "/usr/local/lib/code-server-4.103.2/lib/vscode/extensions/ms-python.python-2025.12.0/python_files/lib/jedilsp/jedi/inference/imports.py", line 411, in import_module
    file_io_or_ns, is_pkg = inference_state.compiled_subprocess.get_module_info(
  File "/usr/local/lib/code-server-4.103.2/lib/vscode/extensions/ms-python.python-2025.12.0/python_files/lib/jedilsp/jedi/inference/compiled/subprocess/__init__.py", line 188, in wrapper
    result = self._compiled_subprocess.run(
  File "/usr/local/lib/code-server-4.103.2/lib/vscode/extensions/ms-python.python-2025.12.0/python_files/lib/jedilsp/jedi/inference/compiled/subprocess/__init__.py", line 293, in run
    self._send(delete_id, None)
  File "/usr/local/lib/code-server-4.103.2/lib/vscode/extensions/ms-python.python-2025.12.0/python_files/lib/jedilsp/jedi/inference/compiled/subprocess/__init__.py", line 318, in _send
    is_exception, traceback, result = pickle_load(self._get_process().stdout)
  File "/usr/local/lib/code-server-4.103.2/lib/vscode/extensions/ms-python.python-2025.12.0/python_files/lib/jedilsp/jedi/_compatibility.py", line 25, in pickle_load
    return Unpickler(file).load()
_pickle.UnpicklingError: invalid load key, ' '.

2026-09-09 04:58:12.341 [info] [Error - 4:58:12 AM] Request textDocument/documentSymbol failed.
2026-09-09 04:58:12.341 [info]   Message: _pickle.UnpicklingError: invalid load key, ' '.
  Code: -32603 
[object Object]
2026-09-09 04:58:14.030 [info] semantic_tokens_full file:///voc/work/exercises/lesson-1-review-code-like-an-engineer/exercises/concept3-dependency-validation-review/starter/file_processor.py 
2026-09-09 04:58:14.034 [info] ERROR:pygls.protocol.json_rpc:Exception occurred for message "122": _pickle.UnpicklingError: invalid load key, ' '.
NoneType: None

2026-09-09 04:58:14.040 [info] [Error - 4:58:14 AM] Request textDocument/semanticTokens/full failed.
2026-09-09 04:58:14.040 [info]   Message: _pickle.UnpicklingError: invalid load key, ' '.
  Code: -32603 
[object Object]
2026-09-09 04:58:14.493 [info] ERROR:pygls.protocol.json_rpc:Failed to handle request 123 textDocument/hover HoverParams(text_document=TextDocumentIdentifier(uri='file:///voc/work/exercises/lesson-1-review-code-like-an-engineer/exercises/concept3-dependency-validation-review/starter/file_processor.py'), position=20:18, work_done_token=None)
Traceback (most recent call last):
  File "/usr/local/lib/code-server-4.103.2/lib/vscode/extensions/ms-python.python-2025.12.0/python_files/lib/jedilsp/pygls/protocol/json_rpc.py", line 266, in _handle_request
    self._execute_request(msg_id, handler, params)
  File "/usr/local/lib/code-server-4.103.2/lib/vscode/extensions/ms-python.python-2025.12.0/python_files/lib/jedilsp/pygls/protocol/json_rpc.py", line 188, in _execute_request
    self._send_response(msg_id, handler(params))
  File "/usr/local/lib/code-server-4.103.2/lib/vscode/extensions/ms-python.python-2025.12.0/python_files/lib/jedilsp/jedi_language_server/notebook_utils.py", line 373, in wrapped
    result = f(notebook_server, notebook_params)
  File "/usr/local/lib/code-server-4.103.2/lib/vscode/extensions/ms-python.python-2025.12.0/python_files/lib/jedilsp/jedi_language_server/server.py", line 487, in hover
    jedi_script.help(*jedi_lines),
  File "/usr/local/lib/code-server-4.103.2/lib/vscode/extensions/ms-python.python-2025.12.0/python_files/lib/jedilsp/jedi/api/helpers.py", line 487, in wrapper
    return func(self, line, column, *args, **kwargs)
  File "/usr/local/lib/code-server-4.103.2/lib/vscode/extensions/ms-python.python-2025.12.0/python_files/lib/jedilsp/jedi/api/__init__.py", line 372, in help
    definitions = self.goto(line, column, follow_imports=True)
  File "/usr/local/lib/code-server-4.103.2/lib/vscode/extensions/ms-python.python-2025.12.0/python_files/lib/jedilsp/jedi/api/helpers.py", line 487, in wrapper
    return func(self, line, column, *args, **kwargs)
  File "/usr/local/lib/code-server-4.103.2/lib/vscode/extensions/ms-python.python-2025.12.0/python_files/lib/jedilsp/jedi/api/__init__.py", line 300, in goto
    names = list(name.goto())
  File "/usr/local/lib/code-server-4.103.2/lib/vscode/extensions/ms-python.python-2025.12.0/python_files/lib/jedilsp/jedi/inference/names.py", line 157, in goto
    module_names = goto_import(context, name)
  File "/usr/local/lib/code-server-4.103.2/lib/vscode/extensions/ms-python.python-2025.12.0/python_files/lib/jedilsp/jedi/inference/cache.py", line 44, in wrapper
    rv = function(obj, *args, **kwargs)
  File "/usr/local/lib/code-server-4.103.2/lib/vscode/extensions/ms-python.python-2025.12.0/python_files/lib/jedilsp/jedi/inference/imports.py", line 75, in goto_import
    _prepare_infer_import(module_context, tree_name)
  File "/usr/local/lib/code-server-4.103.2/lib/vscode/extensions/ms-python.python-2025.12.0/python_files/lib/jedilsp/jedi/inference/imports.py", line 116, in _prepare_infer_import
    return from_import_name, tuple(import_path), import_node.level, importer.follow()
  File "/usr/local/lib/code-server-4.103.2/lib/vscode/extensions/ms-python.python-2025.12.0/python_files/lib/jedilsp/jedi/inference/imports.py", line 296, in follow
    return import_module_by_names(
  File "/usr/local/lib/code-server-4.103.2/lib/vscode/extensions/ms-python.python-2025.12.0/python_files/lib/jedilsp/jedi/inference/imports.py", line 376, in import_module_by_names
    value_set = ValueSet.from_sets([
  File "/usr/local/lib/code-server-4.103.2/lib/vscode/extensions/ms-python.python-2025.12.0/python_files/lib/jedilsp/jedi/inference/imports.py", line 377, in <listcomp>
    import_module(
  File "/usr/local/lib/code-server-4.103.2/lib/vscode/extensions/ms-python.python-2025.12.0/python_files/lib/jedilsp/jedi/plugins/__init__.py", line 21, in wrapper
    return built_functions[public_name](*args, **kwargs)
  File "/usr/local/lib/code-server-4.103.2/lib/vscode/extensions/ms-python.python-2025.12.0/python_files/lib/jedilsp/jedi/plugins/flask.py", line 20, in wrapper
    return callback(inference_state, import_names, module_context, *args, **kwargs)
  File "/usr/local/lib/code-server-4.103.2/lib/vscode/extensions/ms-python.python-2025.12.0/python_files/lib/jedilsp/jedi/inference/gradual/typeshed.py", line 115, in wrapper
    python_value_set = ValueSet.from_sets(
  File "/usr/local/lib/code-server-4.103.2/lib/vscode/extensions/ms-python.python-2025.12.0/python_files/lib/jedilsp/jedi/inference/base_value.py", line 430, in from_sets
    for set_ in sets:
  File "/usr/local/lib/code-server-4.103.2/lib/vscode/extensions/ms-python.python-2025.12.0/python_files/lib/jedilsp/jedi/inference/gradual/typeshed.py", line 116, in <genexpr>
    func(inference_state, import_names, p, sys_path,)
  File "/usr/local/lib/code-server-4.103.2/lib/vscode/extensions/ms-python.python-2025.12.0/python_files/lib/jedilsp/jedi/inference/imports.py", line 411, in import_module
    file_io_or_ns, is_pkg = inference_state.compiled_subprocess.get_module_info(
  File "/usr/local/lib/code-server-4.103.2/lib/vscode/extensions/ms-python.python-2025.12.0/python_files/lib/jedilsp/jedi/inference/compiled/subprocess/__init__.py", line 188, in wrapper
    result = self._compiled_subprocess.run(
  File "/usr/local/lib/code-server-4.103.2/lib/vscode/extensions/ms-python.python-2025.12.0/python_files/lib/jedilsp/jedi/inference/compiled/subprocess/__init__.py", line 296, in run
    return self._send(inference_state_id, function, args, kwargs)
  File "/usr/local/lib/code-server-4.103.2/lib/vscode/extensions/ms-python.python-2025.12.0/python_files/lib/jedilsp/jedi/inference/compiled/subprocess/__init__.py", line 318, in _send
    is_exception, traceback, result = pickle_load(self._get_process().stdout)
  File "/usr/local/lib/code-server-4.103.2/lib/vscode/extensions/ms-python.python-2025.12.0/python_files/lib/jedilsp/jedi/_compatibility.py", line 25, in pickle_load
    return Unpickler(file).load()
_pickle.UnpicklingError: invalid load key, ' '.

2026-09-09 04:58:14.494 [info] [Error - 4:58:14 AM] Request textDocument/hover failed.
2026-09-09 04:58:14.503 [info]   Message: _pickle.UnpicklingError: invalid load key, ' '.
  Code: -32603 
[object Object]
2026-09-09 04:58:14.928 [info] ERROR:pygls.protocol.json_rpc:Failed to handle request 124 textDocument/hover HoverParams(text_document=TextDocumentIdentifier(uri='file:///voc/work/exercises/lesson-1-review-code-like-an-engineer/exercises/concept3-dependency-validation-review/starter/file_processor.py'), position=20:19, work_done_token=None)
Traceback (most recent call last):
  File "/usr/local/lib/code-server-4.103.2/lib/vscode/extensions/ms-python.python-2025.12.0/python_files/lib/jedilsp/pygls/protocol/json_rpc.py", line 266, in _handle_request
    self._execute_request(msg_id, handler, params)
  File "/usr/local/lib/code-server-4.103.2/lib/vscode/extensions/ms-python.python-2025.12.0/python_files/lib/jedilsp/pygls/protocol/json_rpc.py", line 188, in _execute_request
    self._send_response(msg_id, handler(params))
  File "/usr/local/lib/code-server-4.103.2/lib/vscode/extensions/ms-python.python-2025.12.0/python_files/lib/jedilsp/jedi_language_server/notebook_utils.py", line 373, in wrapped
    result = f(notebook_server, notebook_params)
  File "/usr/local/lib/code-server-4.103.2/lib/vscode/extensions/ms-python.python-2025.12.0/python_files/lib/jedilsp/jedi_language_server/server.py", line 487, in hover
    jedi_script.help(*jedi_lines),
  File "/usr/local/lib/code-server-4.103.2/lib/vscode/extensions/ms-python.python-2025.12.0/python_files/lib/jedilsp/jedi/api/helpers.py", line 487, in wrapper
    return func(self, line, column, *args, **kwargs)
  File "/usr/local/lib/code-server-4.103.2/lib/vscode/extensions/ms-python.python-2025.12.0/python_files/lib/jedilsp/jedi/api/__init__.py", line 372, in help
    definitions = self.goto(line, column, follow_imports=True)
  File "/usr/local/lib/code-server-4.103.2/lib/vscode/extensions/ms-python.python-2025.12.0/python_files/lib/jedilsp/jedi/api/helpers.py", line 487, in wrapper
    return func(self, line, column, *args, **kwargs)
  File "/usr/local/lib/code-server-4.103.2/lib/vscode/extensions/ms-python.python-2025.12.0/python_files/lib/jedilsp/jedi/api/__init__.py", line 300, in goto
    names = list(name.goto())
  File "/usr/local/lib/code-server-4.103.2/lib/vscode/extensions/ms-python.python-2025.12.0/python_files/lib/jedilsp/jedi/inference/names.py", line 157, in goto
    module_names = goto_import(context, name)
  File "/usr/local/lib/code-server-4.103.2/lib/vscode/extensions/ms-python.python-2025.12.0/python_files/lib/jedilsp/jedi/inference/cache.py", line 44, in wrapper
    rv = function(obj, *args, **kwargs)
  File "/usr/local/lib/code-server-4.103.2/lib/vscode/extensions/ms-python.python-2025.12.0/python_files/lib/jedilsp/jedi/inference/imports.py", line 75, in goto_import
    _prepare_infer_import(module_context, tree_name)
  File "/usr/local/lib/code-server-4.103.2/lib/vscode/extensions/ms-python.python-2025.12.0/python_files/lib/jedilsp/jedi/inference/imports.py", line 116, in _prepare_infer_import
    return from_import_name, tuple(import_path), import_node.level, importer.follow()
  File "/usr/local/lib/code-server-4.103.2/lib/vscode/extensions/ms-python.python-2025.12.0/python_files/lib/jedilsp/jedi/inference/imports.py", line 296, in follow
    return import_module_by_names(
  File "/usr/local/lib/code-server-4.103.2/lib/vscode/extensions/ms-python.python-2025.12.0/python_files/lib/jedilsp/jedi/inference/imports.py", line 376, in import_module_by_names
    value_set = ValueSet.from_sets([
  File "/usr/local/lib/code-server-4.103.2/lib/vscode/extensions/ms-python.python-2025.12.0/python_files/lib/jedilsp/jedi/inference/imports.py", line 377, in <listcomp>
    import_module(
  File "/usr/local/lib/code-server-4.103.2/lib/vscode/extensions/ms-python.python-2025.12.0/python_files/lib/jedilsp/jedi/plugins/__init__.py", line 21, in wrapper
    return built_functions[public_name](*args, **kwargs)
  File "/usr/local/lib/code-server-4.103.2/lib/vscode/extensions/ms-python.python-2025.12.0/python_files/lib/jedilsp/jedi/plugins/flask.py", line 20, in wrapper
    return callback(inference_state, import_names, module_context, *args, **kwargs)
  File "/usr/local/lib/code-server-4.103.2/lib/vscode/extensions/ms-python.python-2025.12.0/python_files/lib/jedilsp/jedi/inference/gradual/typeshed.py", line 115, in wrapper
    python_value_set = ValueSet.from_sets(
  File "/usr/local/lib/code-server-4.103.2/lib/vscode/extensions/ms-python.python-2025.12.0/python_files/lib/jedilsp/jedi/inference/base_value.py", line 430, in from_sets
    for set_ in sets:
  File "/usr/local/lib/code-server-4.103.2/lib/vscode/extensions/ms-python.python-2025.12.0/python_files/lib/jedilsp/jedi/inference/gradual/typeshed.py", line 116, in <genexpr>
    func(inference_state, import_names, p, sys_path,)
  File "/usr/local/lib/code-server-4.103.2/lib/vscode/extensions/ms-python.python-2025.12.0/python_files/lib/jedilsp/jedi/inference/imports.py", line 411, in import_module
    file_io_or_ns, is_pkg = inference_state.compiled_subprocess.get_module_info(
  File "/usr/local/lib/code-server-4.103.2/lib/vscode/extensions/ms-python.python-2025.12.0/python_files/lib/jedilsp/jedi/inference/compiled/subprocess/__init__.py", line 188, in wrapper
    result = self._compiled_subprocess.run(
  File "/usr/local/lib/code-server-4.103.2/lib/vscode/extensions/ms-python.python-2025.12.0/python_files/lib/jedilsp/jedi/inference/compiled/subprocess/__init__.py", line 296, in run
    return self._send(inference_state_id, function, args, kwargs)
  File "/usr/local/lib/code-server-4.103.2/lib/vscode/extensions/ms-python.python-2025.12.0/python_files/lib/jedilsp/jedi/inference/compiled/subprocess/__init__.py", line 318, in _send
    is_exception, traceback, result = pickle_load(self._get_process().stdout)
  File "/usr/local/lib/code-server-4.103.2/lib/vscode/extensions/ms-python.python-2025.12.0/python_files/lib/jedilsp/jedi/_compatibility.py", line 25, in pickle_load
    return Unpickler(file).load()
_pickle.UnpicklingError: invalid load key, ' '.

2026-09-09 04:58:14.928 [info] [Error - 4:58:14 AM] Request textDocument/hover failed.
2026-09-09 04:58:14.937 [info]   Message: _pickle.UnpicklingError: invalid load key, ' '.
  Code: -32603 
[object Object]
2026-09-09 04:58:18.438 [info] ERROR:pygls.protocol.json_rpc:Failed to handle request 125 textDocument/documentHighlight DocumentHighlightParams(text_document=TextDocumentIdentifier(uri='file:///voc/work/exercises/lesson-1-review-code-like-an-engineer/exercises/concept3-dependency-validation-review/starter/file_processor.py'), position=20:19, work_done_token=None, partial_result_token=None)
Traceback (most recent call last):
  File "/usr/local/lib/code-server-4.103.2/lib/vscode/extensions/ms-python.python-2025.12.0/python_files/lib/jedilsp/pygls/protocol/json_rpc.py", line 266, in _handle_request
    self._execute_request(msg_id, handler, params)
  File "/usr/local/lib/code-server-4.103.2/lib/vscode/extensions/ms-python.python-2025.12.0/python_files/lib/jedilsp/pygls/protocol/json_rpc.py", line 188, in _execute_request
    self._send_response(msg_id, handler(params))
  File "/usr/local/lib/code-server-4.103.2/lib/vscode/extensions/ms-python.python-2025.12.0/python_files/lib/jedilsp/jedi_language_server/server.py", line 466, in highlight
    names = jedi_script.get_references(*jedi_lines, scope="file")
  File "/usr/local/lib/code-server-4.103.2/lib/vscode/extensions/ms-python.python-2025.12.0/python_files/lib/jedilsp/jedi/api/helpers.py", line 487, in wrapper
    return func(self, line, column, *args, **kwargs)
  File "/usr/local/lib/code-server-4.103.2/lib/vscode/extensions/ms-python.python-2025.12.0/python_files/lib/jedilsp/jedi/api/__init__.py", line 429, in get_references
    return _references(**kwargs)
  File "/usr/local/lib/code-server-4.103.2/lib/vscode/extensions/ms-python.python-2025.12.0/python_files/lib/jedilsp/jedi/api/__init__.py", line 423, in _references
    names = find_references(self._get_module_context(), tree_name, scope == 'file')
  File "/usr/local/lib/code-server-4.103.2/lib/vscode/extensions/ms-python.python-2025.12.0/python_files/lib/jedilsp/jedi/inference/references.py", line 122, in find_references
    found_names = _find_defining_names(module_context, tree_name)
  File "/usr/local/lib/code-server-4.103.2/lib/vscode/extensions/ms-python.python-2025.12.0/python_files/lib/jedilsp/jedi/inference/references.py", line 53, in _find_defining_names
    found_names = _find_names(module_context, tree_name)
  File "/usr/local/lib/code-server-4.103.2/lib/vscode/extensions/ms-python.python-2025.12.0/python_files/lib/jedilsp/jedi/inference/references.py", line 74, in _find_names
    found_names = set(name.goto())
  File "/usr/local/lib/code-server-4.103.2/lib/vscode/extensions/ms-python.python-2025.12.0/python_files/lib/jedilsp/jedi/inference/names.py", line 157, in goto
    module_names = goto_import(context, name)
  File "/usr/local/lib/code-server-4.103.2/lib/vscode/extensions/ms-python.python-2025.12.0/python_files/lib/jedilsp/jedi/inference/cache.py", line 44, in wrapper
    rv = function(obj, *args, **kwargs)
  File "/usr/local/lib/code-server-4.103.2/lib/vscode/extensions/ms-python.python-2025.12.0/python_files/lib/jedilsp/jedi/inference/imports.py", line 75, in goto_import
    _prepare_infer_import(module_context, tree_name)
  File "/usr/local/lib/code-server-4.103.2/lib/vscode/extensions/ms-python.python-2025.12.0/python_files/lib/jedilsp/jedi/inference/imports.py", line 116, in _prepare_infer_import
    return from_import_name, tuple(import_path), import_node.level, importer.follow()
  File "/usr/local/lib/code-server-4.103.2/lib/vscode/extensions/ms-python.python-2025.12.0/python_files/lib/jedilsp/jedi/inference/imports.py", line 296, in follow
    return import_module_by_names(
  File "/usr/local/lib/code-server-4.103.2/lib/vscode/extensions/ms-python.python-2025.12.0/python_files/lib/jedilsp/jedi/inference/imports.py", line 376, in import_module_by_names
    value_set = ValueSet.from_sets([
  File "/usr/local/lib/code-server-4.103.2/lib/vscode/extensions/ms-python.python-2025.12.0/python_files/lib/jedilsp/jedi/inference/imports.py", line 377, in <listcomp>
    import_module(
  File "/usr/local/lib/code-server-4.103.2/lib/vscode/extensions/ms-python.python-2025.12.0/python_files/lib/jedilsp/jedi/plugins/__init__.py", line 21, in wrapper
    return built_functions[public_name](*args, **kwargs)
  File "/usr/local/lib/code-server-4.103.2/lib/vscode/extensions/ms-python.python-2025.12.0/python_files/lib/jedilsp/jedi/plugins/flask.py", line 20, in wrapper
    return callback(inference_state, import_names, module_context, *args, **kwargs)
  File "/usr/local/lib/code-server-4.103.2/lib/vscode/extensions/ms-python.python-2025.12.0/python_files/lib/jedilsp/jedi/inference/gradual/typeshed.py", line 115, in wrapper
    python_value_set = ValueSet.from_sets(
  File "/usr/local/lib/code-server-4.103.2/lib/vscode/extensions/ms-python.python-2025.12.0/python_files/lib/jedilsp/jedi/inference/base_value.py", line 430, in from_sets
    for set_ in sets:
  File "/usr/local/lib/code-server-4.103.2/lib/vscode/extensions/ms-python.python-2025.12.0/python_files/lib/jedilsp/jedi/inference/gradual/typeshed.py", line 116, in <genexpr>
    func(inference_state, import_names, p, sys_path,)
  File "/usr/local/lib/code-server-4.103.2/lib/vscode/extensions/ms-python.python-2025.12.0/python_files/lib/jedilsp/jedi/inference/imports.py", line 411, in import_module
    file_io_or_ns, is_pkg = inference_state.compiled_subprocess.get_module_info(
  File "/usr/local/lib/code-server-4.103.2/lib/vscode/extensions/ms-python.python-2025.12.0/python_files/lib/jedilsp/jedi/inference/compiled/subprocess/__init__.py", line 188, in wrapper
    result = self._compiled_subprocess.run(
  File "/usr/local/lib/code-server-4.103.2/lib/vscode/extensions/ms-python.python-2025.12.0/python_files/lib/jedilsp/jedi/inference/compiled/subprocess/__init__.py", line 296, in run
    return self._send(inference_state_id, function, args, kwargs)
  File "/usr/local/lib/code-server-4.103.2/lib/vscode/extensions/ms-python.python-2025.12.0/python_files/lib/jedilsp/jedi/inference/compiled/subprocess/__init__.py", line 318, in _send
    is_exception, traceback, result = pickle_load(self._get_process().stdout)
  File "/usr/local/lib/code-server-4.103.2/lib/vscode/extensions/ms-python.python-2025.12.0/python_files/lib/jedilsp/jedi/_compatibility.py", line 25, in pickle_load
    return Unpickler(file).load()
_pickle.UnpicklingError: invalid load key, ' '.

2026-09-09 04:58:18.439 [info] [Error - 4:58:18 AM] Request textDocument/documentHighlight failed.
2026-09-09 04:58:18.447 [info]   Message: _pickle.UnpicklingError: invalid load key, ' '.
  Code: -32603 
[object Object]
2026-09-09 04:58:18.679 [info] ERROR:pygls.protocol.json_rpc:Failed to handle request 126 textDocument/codeAction CodeActionParams(text_document=TextDocumentIdentifier(uri='file:///voc/work/exercises/lesson-1-review-code-like-an-engineer/exercises/concept3-dependency-validation-review/starter/file_processor.py'), range=20:19-20:19, context=CodeActionContext(diagnostics=[], only=None, trigger_kind=<CodeActionTriggerKind.Automatic: 2>), work_done_token=None, partial_result_token=None)
Traceback (most recent call last):
  File "/usr/local/lib/code-server-4.103.2/lib/vscode/extensions/ms-python.python-2025.12.0/python_files/lib/jedilsp/pygls/protocol/json_rpc.py", line 266, in _handle_request
    self._execute_request(msg_id, handler, params)
  File "/usr/local/lib/code-server-4.103.2/lib/vscode/extensions/ms-python.python-2025.12.0/python_files/lib/jedilsp/pygls/protocol/json_rpc.py", line 188, in _execute_request
    self._send_response(msg_id, handler(params))
  File "/usr/local/lib/code-server-4.103.2/lib/vscode/extensions/ms-python.python-2025.12.0/python_files/lib/jedilsp/jedi_language_server/notebook_utils.py", line 373, in wrapped
    result = f(notebook_server, notebook_params)
  File "/usr/local/lib/code-server-4.103.2/lib/vscode/extensions/ms-python.python-2025.12.0/python_files/lib/jedilsp/jedi_language_server/server.py", line 671, in code_action
    inline_refactoring = jedi_script.inline(*jedi_lines)
  File "/usr/local/lib/code-server-4.103.2/lib/vscode/extensions/ms-python.python-2025.12.0/python_files/lib/jedilsp/jedi/api/__init__.py", line 697, in inline
    names = [d._name for d in self.get_references(line, column, include_builtins=True)]
  File "/usr/local/lib/code-server-4.103.2/lib/vscode/extensions/ms-python.python-2025.12.0/python_files/lib/jedilsp/jedi/api/helpers.py", line 487, in wrapper
    return func(self, line, column, *args, **kwargs)
  File "/usr/local/lib/code-server-4.103.2/lib/vscode/extensions/ms-python.python-2025.12.0/python_files/lib/jedilsp/jedi/api/__init__.py", line 429, in get_references
    return _references(**kwargs)
  File "/usr/local/lib/code-server-4.103.2/lib/vscode/extensions/ms-python.python-2025.12.0/python_files/lib/jedilsp/jedi/api/__init__.py", line 423, in _references
    names = find_references(self._get_module_context(), tree_name, scope == 'file')
  File "/usr/local/lib/code-server-4.103.2/lib/vscode/extensions/ms-python.python-2025.12.0/python_files/lib/jedilsp/jedi/inference/references.py", line 122, in find_references
    found_names = _find_defining_names(module_context, tree_name)
  File "/usr/local/lib/code-server-4.103.2/lib/vscode/extensions/ms-python.python-2025.12.0/python_files/lib/jedilsp/jedi/inference/references.py", line 53, in _find_defining_names
    found_names = _find_names(module_context, tree_name)
  File "/usr/local/lib/code-server-4.103.2/lib/vscode/extensions/ms-python.python-2025.12.0/python_files/lib/jedilsp/jedi/inference/references.py", line 74, in _find_names
    found_names = set(name.goto())
  File "/usr/local/lib/code-server-4.103.2/lib/vscode/extensions/ms-python.python-2025.12.0/python_files/lib/jedilsp/jedi/inference/names.py", line 157, in goto
    module_names = goto_import(context, name)
  File "/usr/local/lib/code-server-4.103.2/lib/vscode/extensions/ms-python.python-2025.12.0/python_files/lib/jedilsp/jedi/inference/cache.py", line 44, in wrapper
    rv = function(obj, *args, **kwargs)
  File "/usr/local/lib/code-server-4.103.2/lib/vscode/extensions/ms-python.python-2025.12.0/python_files/lib/jedilsp/jedi/inference/imports.py", line 75, in goto_import
    _prepare_infer_import(module_context, tree_name)
  File "/usr/local/lib/code-server-4.103.2/lib/vscode/extensions/ms-python.python-2025.12.0/python_files/lib/jedilsp/jedi/inference/imports.py", line 116, in _prepare_infer_import
    return from_import_name, tuple(import_path), import_node.level, importer.follow()
  File "/usr/local/lib/code-server-4.103.2/lib/vscode/extensions/ms-python.python-2025.12.0/python_files/lib/jedilsp/jedi/inference/imports.py", line 296, in follow
    return import_module_by_names(
  File "/usr/local/lib/code-server-4.103.2/lib/vscode/extensions/ms-python.python-2025.12.0/python_files/lib/jedilsp/jedi/inference/imports.py", line 376, in import_module_by_names
    value_set = ValueSet.from_sets([
  File "/usr/local/lib/code-server-4.103.2/lib/vscode/extensions/ms-python.python-2025.12.0/python_files/lib/jedilsp/jedi/inference/imports.py", line 377, in <listcomp>
    import_module(
  File "/usr/local/lib/code-server-4.103.2/lib/vscode/extensions/ms-python.python-2025.12.0/python_files/lib/jedilsp/jedi/plugins/__init__.py", line 21, in wrapper
    return built_functions[public_name](*args, **kwargs)
  File "/usr/local/lib/code-server-4.103.2/lib/vscode/extensions/ms-python.python-2025.12.0/python_files/lib/jedilsp/jedi/plugins/flask.py", line 20, in wrapper
    return callback(inference_state, import_names, module_context, *args, **kwargs)
  File "/usr/local/lib/code-server-4.103.2/lib/vscode/extensions/ms-python.python-2025.12.0/python_files/lib/jedilsp/jedi/inference/gradual/typeshed.py", line 115, in wrapper
    python_value_set = ValueSet.from_sets(
  File "/usr/local/lib/code-server-4.103.2/lib/vscode/extensions/ms-python.python-2025.12.0/python_files/lib/jedilsp/jedi/inference/base_value.py", line 430, in from_sets
    for set_ in sets:
  File "/usr/local/lib/code-server-4.103.2/lib/vscode/extensions/ms-python.python-2025.12.0/python_files/lib/jedilsp/jedi/inference/gradual/typeshed.py", line 116, in <genexpr>
    func(inference_state, import_names, p, sys_path,)
  File "/usr/local/lib/code-server-4.103.2/lib/vscode/extensions/ms-python.python-2025.12.0/python_files/lib/jedilsp/jedi/inference/imports.py", line 411, in import_module
    file_io_or_ns, is_pkg = inference_state.compiled_subprocess.get_module_info(
  File "/usr/local/lib/code-server-4.103.2/lib/vscode/extensions/ms-python.python-2025.12.0/python_files/lib/jedilsp/jedi/inference/compiled/subprocess/__init__.py", line 188, in wrapper
    result = self._compiled_subprocess.run(
  File "/usr/local/lib/code-server-4.103.2/lib/vscode/extensions/ms-python.python-2025.12.0/python_files/lib/jedilsp/jedi/inference/compiled/subprocess/__init__.py", line 296, in run
    return self._send(inference_state_id, function, args, kwargs)
  File "/usr/local/lib/code-server-4.103.2/lib/vscode/extensions/ms-python.python-2025.12.0/python_files/lib/jedilsp/jedi/inference/compiled/subprocess/__init__.py", line 318, in _send
    is_exception, traceback, result = pickle_load(self._get_process().stdout)
  File "/usr/local/lib/code-server-4.103.2/lib/vscode/extensions/ms-python.python-2025.12.0/python_files/lib/jedilsp/jedi/_compatibility.py", line 25, in pickle_load
    return Unpickler(file).load()
_pickle.UnpicklingError: invalid load key, ' '.

2026-09-09 04:58:18.680 [info] [Error - 4:58:18 AM] Request textDocument/codeAction failed.
2026-09-09 04:58:18.696 [info]   Message: _pickle.UnpicklingError: invalid load key, ' '.
  Code: -32603 
[object Object]
2026-09-09 04:58:19.483 [info] ERROR:pygls.protocol.json_rpc:Failed to handle request 127 textDocument/codeAction CodeActionParams(text_document=TextDocumentIdentifier(uri='file:///voc/work/exercises/lesson-1-review-code-like-an-engineer/exercises/concept3-dependency-validation-review/starter/file_processor.py'), range=20:6-20:19, context=CodeActionContext(diagnostics=[], only=None, trigger_kind=<CodeActionTriggerKind.Automatic: 2>), work_done_token=None, partial_result_token=None)
Traceback (most recent call last):
  File "/usr/local/lib/code-server-4.103.2/lib/vscode/extensions/ms-python.python-2025.12.0/python_files/lib/jedilsp/pygls/protocol/json_rpc.py", line 266, in _handle_request
    self._execute_request(msg_id, handler, params)
  File "/usr/local/lib/code-server-4.103.2/lib/vscode/extensions/ms-python.python-2025.12.0/python_files/lib/jedilsp/pygls/protocol/json_rpc.py", line 188, in _execute_request
    self._send_response(msg_id, handler(params))
  File "/usr/local/lib/code-server-4.103.2/lib/vscode/extensions/ms-python.python-2025.12.0/python_files/lib/jedilsp/jedi_language_server/notebook_utils.py", line 373, in wrapped
    result = f(notebook_server, notebook_params)
  File "/usr/local/lib/code-server-4.103.2/lib/vscode/extensions/ms-python.python-2025.12.0/python_files/lib/jedilsp/jedi_language_server/server.py", line 671, in code_action
    inline_refactoring = jedi_script.inline(*jedi_lines)
  File "/usr/local/lib/code-server-4.103.2/lib/vscode/extensions/ms-python.python-2025.12.0/python_files/lib/jedilsp/jedi/api/__init__.py", line 697, in inline
    names = [d._name for d in self.get_references(line, column, include_builtins=True)]
  File "/usr/local/lib/code-server-4.103.2/lib/vscode/extensions/ms-python.python-2025.12.0/python_files/lib/jedilsp/jedi/api/helpers.py", line 487, in wrapper
    return func(self, line, column, *args, **kwargs)
  File "/usr/local/lib/code-server-4.103.2/lib/vscode/extensions/ms-python.python-2025.12.0/python_files/lib/jedilsp/jedi/api/__init__.py", line 429, in get_references
    return _references(**kwargs)
  File "/usr/local/lib/code-server-4.103.2/lib/vscode/extensions/ms-python.python-2025.12.0/python_files/lib/jedilsp/jedi/api/__init__.py", line 423, in _references
    names = find_references(self._get_module_context(), tree_name, scope == 'file')
  File "/usr/local/lib/code-server-4.103.2/lib/vscode/extensions/ms-python.python-2025.12.0/python_files/lib/jedilsp/jedi/inference/references.py", line 122, in find_references
    found_names = _find_defining_names(module_context, tree_name)
  File "/usr/local/lib/code-server-4.103.2/lib/vscode/extensions/ms-python.python-2025.12.0/python_files/lib/jedilsp/jedi/inference/references.py", line 53, in _find_defining_names
    found_names = _find_names(module_context, tree_name)
  File "/usr/local/lib/code-server-4.103.2/lib/vscode/extensions/ms-python.python-2025.12.0/python_files/lib/jedilsp/jedi/inference/references.py", line 74, in _find_names
    found_names = set(name.goto())
  File "/usr/local/lib/code-server-4.103.2/lib/vscode/extensions/ms-python.python-2025.12.0/python_files/lib/jedilsp/jedi/inference/names.py", line 157, in goto
    module_names = goto_import(context, name)
  File "/usr/local/lib/code-server-4.103.2/lib/vscode/extensions/ms-python.python-2025.12.0/python_files/lib/jedilsp/jedi/inference/cache.py", line 44, in wrapper
    rv = function(obj, *args, **kwargs)
  File "/usr/local/lib/code-server-4.103.2/lib/vscode/extensions/ms-python.python-2025.12.0/python_files/lib/jedilsp/jedi/inference/imports.py", line 75, in goto_import
    _prepare_infer_import(module_context, tree_name)
  File "/usr/local/lib/code-server-4.103.2/lib/vscode/extensions/ms-python.python-2025.12.0/python_files/lib/jedilsp/jedi/inference/imports.py", line 116, in _prepare_infer_import
    return from_import_name, tuple(import_path), import_node.level, importer.follow()
  File "/usr/local/lib/code-server-4.103.2/lib/vscode/extensions/ms-python.python-2025.12.0/python_files/lib/jedilsp/jedi/inference/imports.py", line 296, in follow
    return import_module_by_names(
  File "/usr/local/lib/code-server-4.103.2/lib/vscode/extensions/ms-python.python-2025.12.0/python_files/lib/jedilsp/jedi/inference/imports.py", line 376, in import_module_by_names
    value_set = ValueSet.from_sets([
  File "/usr/local/lib/code-server-4.103.2/lib/vscode/extensions/ms-python.python-2025.12.0/python_files/lib/jedilsp/jedi/inference/imports.py", line 377, in <listcomp>
    import_module(
  File "/usr/local/lib/code-server-4.103.2/lib/vscode/extensions/ms-python.python-2025.12.0/python_files/lib/jedilsp/jedi/plugins/__init__.py", line 21, in wrapper
    return built_functions[public_name](*args, **kwargs)
  File "/usr/local/lib/code-server-4.103.2/lib/vscode/extensions/ms-python.python-2025.12.0/python_files/lib/jedilsp/jedi/plugins/flask.py", line 20, in wrapper
    return callback(inference_state, import_names, module_context, *args, **kwargs)
  File "/usr/local/lib/code-server-4.103.2/lib/vscode/extensions/ms-python.python-2025.12.0/python_files/lib/jedilsp/jedi/inference/gradual/typeshed.py", line 115, in wrapper
    python_value_set = ValueSet.from_sets(
  File "/usr/local/lib/code-server-4.103.2/lib/vscode/extensions/ms-python.python-2025.12.0/python_files/lib/jedilsp/jedi/inference/base_value.py", line 430, in from_sets
    for set_ in sets:
  File "/usr/local/lib/code-server-4.103.2/lib/vscode/extensions/ms-python.python-2025.12.0/python_files/lib/jedilsp/jedi/inference/gradual/typeshed.py", line 116, in <genexpr>
    func(inference_state, import_names, p, sys_path,)
  File "/usr/local/lib/code-server-4.103.2/lib/vscode/extensions/ms-python.python-2025.12.0/python_files/lib/jedilsp/jedi/inference/imports.py", line 411, in import_module
    file_io_or_ns, is_pkg = inference_state.compiled_subprocess.get_module_info(
  File "/usr/local/lib/code-server-4.103.2/lib/vscode/extensions/ms-python.python-2025.12.0/python_files/lib/jedilsp/jedi/inference/compiled/subprocess/__init__.py", line 188, in wrapper
    result = self._compiled_subprocess.run(
  File "/usr/local/lib/code-server-4.103.2/lib/vscode/extensions/ms-python.python-2025.12.0/python_files/lib/jedilsp/jedi/inference/compiled/subprocess/__init__.py", line 296, in run
    return self._send(inference_state_id, function, args, kwargs)
  File "/usr/local/lib/code-server-4.103.2/lib/vscode/extensions/ms-python.python-2025.12.0/python_files/lib/jedilsp/jedi/inference/compiled/subprocess/__init__.py", line 318, in _send
    is_exception, traceback, result = pickle_load(self._get_process().stdout)
  File "/usr/local/lib/code-server-4.103.2/lib/vscode/extensions/ms-python.python-2025.12.0/python_files/lib/jedilsp/jedi/_compatibility.py", line 25, in pickle_load
    return Unpickler(file).load()
_pickle.UnpicklingError: invalid load key, ' '.

2026-09-09 04:58:19.483 [info] [Error - 4:58:19 AM] Request textDocument/codeAction failed.
2026-09-09 04:58:19.491 [info]   Message: _pickle.UnpicklingError: invalid load key, ' '.
  Code: -32603 
[object Object]
2026-09-09 04:58:21.388 [info] ERROR:pygls.protocol.json_rpc:Failed to handle request 128 textDocument/codeAction CodeActionParams(text_document=TextDocumentIdentifier(uri='file:///voc/work/exercises/lesson-1-review-code-like-an-engineer/exercises/concept3-dependency-validation-review/starter/file_processor.py'), range=20:5-20:19, context=CodeActionContext(diagnostics=[], only=None, trigger_kind=<CodeActionTriggerKind.Automatic: 2>), work_done_token=None, partial_result_token=None)
Traceback (most recent call last):
  File "/usr/local/lib/code-server-4.103.2/lib/vscode/extensions/ms-python.python-2025.12.0/python_files/lib/jedilsp/pygls/protocol/json_rpc.py", line 266, in _handle_request
    self._execute_request(msg_id, handler, params)
  File "/usr/local/lib/code-server-4.103.2/lib/vscode/extensions/ms-python.python-2025.12.0/python_files/lib/jedilsp/pygls/protocol/json_rpc.py", line 188, in _execute_request
    self._send_response(msg_id, handler(params))
  File "/usr/local/lib/code-server-4.103.2/lib/vscode/extensions/ms-python.python-2025.12.0/python_files/lib/jedilsp/jedi_language_server/notebook_utils.py", line 373, in wrapped
    result = f(notebook_server, notebook_params)
  File "/usr/local/lib/code-server-4.103.2/lib/vscode/extensions/ms-python.python-2025.12.0/python_files/lib/jedilsp/jedi_language_server/server.py", line 671, in code_action
    inline_refactoring = jedi_script.inline(*jedi_lines)
  File "/usr/local/lib/code-server-4.103.2/lib/vscode/extensions/ms-python.python-2025.12.0/python_files/lib/jedilsp/jedi/api/__init__.py", line 697, in inline
    names = [d._name for d in self.get_references(line, column, include_builtins=True)]
  File "/usr/local/lib/code-server-4.103.2/lib/vscode/extensions/ms-python.python-2025.12.0/python_files/lib/jedilsp/jedi/api/helpers.py", line 487, in wrapper
    return func(self, line, column, *args, **kwargs)
  File "/usr/local/lib/code-server-4.103.2/lib/vscode/extensions/ms-python.python-2025.12.0/python_files/lib/jedilsp/jedi/api/__init__.py", line 429, in get_references
    return _references(**kwargs)
  File "/usr/local/lib/code-server-4.103.2/lib/vscode/extensions/ms-python.python-2025.12.0/python_files/lib/jedilsp/jedi/api/__init__.py", line 423, in _references
    names = find_references(self._get_module_context(), tree_name, scope == 'file')
  File "/usr/local/lib/code-server-4.103.2/lib/vscode/extensions/ms-python.python-2025.12.0/python_files/lib/jedilsp/jedi/inference/references.py", line 122, in find_references
    found_names = _find_defining_names(module_context, tree_name)
  File "/usr/local/lib/code-server-4.103.2/lib/vscode/extensions/ms-python.python-2025.12.0/python_files/lib/jedilsp/jedi/inference/references.py", line 53, in _find_defining_names
    found_names = _find_names(module_context, tree_name)
  File "/usr/local/lib/code-server-4.103.2/lib/vscode/extensions/ms-python.python-2025.12.0/python_files/lib/jedilsp/jedi/inference/references.py", line 74, in _find_names
    found_names = set(name.goto())
  File "/usr/local/lib/code-server-4.103.2/lib/vscode/extensions/ms-python.python-2025.12.0/python_files/lib/jedilsp/jedi/inference/names.py", line 157, in goto
    module_names = goto_import(context, name)
  File "/usr/local/lib/code-server-4.103.2/lib/vscode/extensions/ms-python.python-2025.12.0/python_files/lib/jedilsp/jedi/inference/cache.py", line 44, in wrapper
    rv = function(obj, *args, **kwargs)
  File "/usr/local/lib/code-server-4.103.2/lib/vscode/extensions/ms-python.python-2025.12.0/python_files/lib/jedilsp/jedi/inference/imports.py", line 75, in goto_import
    _prepare_infer_import(module_context, tree_name)
  File "/usr/local/lib/code-server-4.103.2/lib/vscode/extensions/ms-python.python-2025.12.0/python_files/lib/jedilsp/jedi/inference/imports.py", line 116, in _prepare_infer_import
    return from_import_name, tuple(import_path), import_node.level, importer.follow()
  File "/usr/local/lib/code-server-4.103.2/lib/vscode/extensions/ms-python.python-2025.12.0/python_files/lib/jedilsp/jedi/inference/imports.py", line 296, in follow
    return import_module_by_names(
  File "/usr/local/lib/code-server-4.103.2/lib/vscode/extensions/ms-python.python-2025.12.0/python_files/lib/jedilsp/jedi/inference/imports.py", line 376, in import_module_by_names
    value_set = ValueSet.from_sets([
  File "/usr/local/lib/code-server-4.103.2/lib/vscode/extensions/ms-python.python-2025.12.0/python_files/lib/jedilsp/jedi/inference/imports.py", line 377, in <listcomp>
    import_module(
  File "/usr/local/lib/code-server-4.103.2/lib/vscode/extensions/ms-python.python-2025.12.0/python_files/lib/jedilsp/jedi/plugins/__init__.py", line 21, in wrapper
    return built_functions[public_name](*args, **kwargs)
  File "/usr/local/lib/code-server-4.103.2/lib/vscode/extensions/ms-python.python-2025.12.0/python_files/lib/jedilsp/jedi/plugins/flask.py", line 20, in wrapper
    return callback(inference_state, import_names, module_context, *args, **kwargs)
  File "/usr/local/lib/code-server-4.103.2/lib/vscode/extensions/ms-python.python-2025.12.0/python_files/lib/jedilsp/jedi/inference/gradual/typeshed.py", line 115, in wrapper
    python_value_set = ValueSet.from_sets(
  File "/usr/local/lib/code-server-4.103.2/lib/vscode/extensions/ms-python.python-2025.12.0/python_files/lib/jedilsp/jedi/inference/base_value.py", line 430, in from_sets
    for set_ in sets:
  File "/usr/local/lib/code-server-4.103.2/lib/vscode/extensions/ms-python.python-2025.12.0/python_files/lib/jedilsp/jedi/inference/gradual/typeshed.py", line 116, in <genexpr>
    func(inference_state, import_names, p, sys_path,)
  File "/usr/local/lib/code-server-4.103.2/lib/vscode/extensions/ms-python.python-2025.12.0/python_files/lib/jedilsp/jedi/inference/imports.py", line 411, in import_module
    file_io_or_ns, is_pkg = inference_state.compiled_subprocess.get_module_info(
  File "/usr/local/lib/code-server-4.103.2/lib/vscode/extensions/ms-python.python-2025.12.0/python_files/lib/jedilsp/jedi/inference/compiled/subprocess/__init__.py", line 188, in wrapper
    result = self._compiled_subprocess.run(
  File "/usr/local/lib/code-server-4.103.2/lib/vscode/extensions/ms-python.python-2025.12.0/python_files/lib/jedilsp/jedi/inference/compiled/subprocess/__init__.py", line 296, in run
    return self._send(inference_state_id, function, args, kwargs)
  File "/usr/local/lib/code-server-4.103.2/lib/vscode/extensions/ms-python.python-2025.12.0/python_files/lib/jedilsp/jedi/inference/compiled/subprocess/__init__.py", line 318, in _send
    is_exception, traceback, result = pickle_load(self._get_process().stdout)
  File "/usr/local/lib/code-server-4.103.2/lib/vscode/extensions/ms-python.python-2025.12.0/python_files/lib/jedilsp/jedi/_compatibility.py", line 25, in pickle_load
    return Unpickler(file).load()
_pickle.UnpicklingError: invalid load key, ' '.

2026-09-09 04:58:21.389 [info] [Error - 4:58:21 AM] Request textDocument/codeAction failed.
2026-09-09 04:58:21.396 [info]   Message: _pickle.UnpicklingError: invalid load key, ' '.
  Code: -32603 
[object Object]
2026-09-09 04:58:21.792 [info] ERROR:pygls.protocol.json_rpc:Failed to handle request 129 textDocument/hover HoverParams(text_document=TextDocumentIdentifier(uri='file:///voc/work/exercises/lesson-1-review-code-like-an-engineer/exercises/concept3-dependency-validation-review/starter/file_processor.py'), position=20:5, work_done_token=None)
Traceback (most recent call last):
  File "/usr/local/lib/code-server-4.103.2/lib/vscode/extensions/ms-python.python-2025.12.0/python_files/lib/jedilsp/pygls/protocol/json_rpc.py", line 266, in _handle_request
    self._execute_request(msg_id, handler, params)
  File "/usr/local/lib/code-server-4.103.2/lib/vscode/extensions/ms-python.python-2025.12.0/python_files/lib/jedilsp/pygls/protocol/json_rpc.py", line 188, in _execute_request
    self._send_response(msg_id, handler(params))
  File "/usr/local/lib/code-server-4.103.2/lib/vscode/extensions/ms-python.python-2025.12.0/python_files/lib/jedilsp/jedi_language_server/notebook_utils.py", line 373, in wrapped
    result = f(notebook_server, notebook_params)
  File "/usr/local/lib/code-server-4.103.2/lib/vscode/extensions/ms-python.python-2025.12.0/python_files/lib/jedilsp/jedi_language_server/server.py", line 487, in hover
    jedi_script.help(*jedi_lines),
  File "/usr/local/lib/code-server-4.103.2/lib/vscode/extensions/ms-python.python-2025.12.0/python_files/lib/jedilsp/jedi/api/helpers.py", line 487, in wrapper
    return func(self, line, column, *args, **kwargs)
  File "/usr/local/lib/code-server-4.103.2/lib/vscode/extensions/ms-python.python-2025.12.0/python_files/lib/jedilsp/jedi/api/__init__.py", line 372, in help
    definitions = self.goto(line, column, follow_imports=True)
  File "/usr/local/lib/code-server-4.103.2/lib/vscode/extensions/ms-python.python-2025.12.0/python_files/lib/jedilsp/jedi/api/helpers.py", line 487, in wrapper
    return func(self, line, column, *args, **kwargs)
  File "/usr/local/lib/code-server-4.103.2/lib/vscode/extensions/ms-python.python-2025.12.0/python_files/lib/jedilsp/jedi/api/__init__.py", line 300, in goto
    names = list(name.goto())
  File "/usr/local/lib/code-server-4.103.2/lib/vscode/extensions/ms-python.python-2025.12.0/python_files/lib/jedilsp/jedi/inference/names.py", line 157, in goto
    module_names = goto_import(context, name)
  File "/usr/local/lib/code-server-4.103.2/lib/vscode/extensions/ms-python.python-2025.12.0/python_files/lib/jedilsp/jedi/inference/cache.py", line 44, in wrapper
    rv = function(obj, *args, **kwargs)
  File "/usr/local/lib/code-server-4.103.2/lib/vscode/extensions/ms-python.python-2025.12.0/python_files/lib/jedilsp/jedi/inference/imports.py", line 75, in goto_import
    _prepare_infer_import(module_context, tree_name)
  File "/usr/local/lib/code-server-4.103.2/lib/vscode/extensions/ms-python.python-2025.12.0/python_files/lib/jedilsp/jedi/inference/imports.py", line 116, in _prepare_infer_import
    return from_import_name, tuple(import_path), import_node.level, importer.follow()
  File "/usr/local/lib/code-server-4.103.2/lib/vscode/extensions/ms-python.python-2025.12.0/python_files/lib/jedilsp/jedi/inference/imports.py", line 296, in follow
    return import_module_by_names(
  File "/usr/local/lib/code-server-4.103.2/lib/vscode/extensions/ms-python.python-2025.12.0/python_files/lib/jedilsp/jedi/inference/imports.py", line 376, in import_module_by_names
    value_set = ValueSet.from_sets([
  File "/usr/local/lib/code-server-4.103.2/lib/vscode/extensions/ms-python.python-2025.12.0/python_files/lib/jedilsp/jedi/inference/imports.py", line 377, in <listcomp>
    import_module(
  File "/usr/local/lib/code-server-4.103.2/lib/vscode/extensions/ms-python.python-2025.12.0/python_files/lib/jedilsp/jedi/plugins/__init__.py", line 21, in wrapper
    return built_functions[public_name](*args, **kwargs)
  File "/usr/local/lib/code-server-4.103.2/lib/vscode/extensions/ms-python.python-2025.12.0/python_files/lib/jedilsp/jedi/plugins/flask.py", line 20, in wrapper
    return callback(inference_state, import_names, module_context, *args, **kwargs)
  File "/usr/local/lib/code-server-4.103.2/lib/vscode/extensions/ms-python.python-2025.12.0/python_files/lib/jedilsp/jedi/inference/gradual/typeshed.py", line 115, in wrapper
    python_value_set = ValueSet.from_sets(
  File "/usr/local/lib/code-server-4.103.2/lib/vscode/extensions/ms-python.python-2025.12.0/python_files/lib/jedilsp/jedi/inference/base_value.py", line 430, in from_sets
    for set_ in sets:
  File "/usr/local/lib/code-server-4.103.2/lib/vscode/extensions/ms-python.python-2025.12.0/python_files/lib/jedilsp/jedi/inference/gradual/typeshed.py", line 116, in <genexpr>
    func(inference_state, import_names, p, sys_path,)
  File "/usr/local/lib/code-server-4.103.2/lib/vscode/extensions/ms-python.python-2025.12.0/python_files/lib/jedilsp/jedi/inference/imports.py", line 411, in import_module
    file_io_or_ns, is_pkg = inference_state.compiled_subprocess.get_module_info(
  File "/usr/local/lib/code-server-4.103.2/lib/vscode/extensions/ms-python.python-2025.12.0/python_files/lib/jedilsp/jedi/inference/compiled/subprocess/__init__.py", line 188, in wrapper
    result = self._compiled_subprocess.run(
  File "/usr/local/lib/code-server-4.103.2/lib/vscode/extensions/ms-python.python-2025.12.0/python_files/lib/jedilsp/jedi/inference/compiled/subprocess/__init__.py", line 296, in run
    return self._send(inference_state_id, function, args, kwargs)
  File "/usr/local/lib/code-server-4.103.2/lib/vscode/extensions/ms-python.python-2025.12.0/python_files/lib/jedilsp/jedi/inference/compiled/subprocess/__init__.py", line 318, in _send
    is_exception, traceback, result = pickle_load(self._get_process().stdout)
  File "/usr/local/lib/code-server-4.103.2/lib/vscode/extensions/ms-python.python-2025.12.0/python_files/lib/jedilsp/jedi/_compatibility.py", line 25, in pickle_load
    return Unpickler(file).load()
_pickle.UnpicklingError: invalid load key, ' '.

2026-09-09 04:58:21.792 [info] [Error - 4:58:21 AM] Request textDocument/hover failed.
2026-09-09 04:58:21.799 [info]   Message: _pickle.UnpicklingError: invalid load key, ' '.
  Code: -32603 
[object Object]
2026-09-09 04:58:29.340 [info] semantic_tokens_range file:///voc/work/exercises/lesson-1-review-code-like-an-engineer/exercises/concept3-dependency-validation-review/solution/file_processor.py 0:0-62:24
2026-09-09 04:58:29.344 [info] ERROR:pygls.protocol.json_rpc:Exception occurred for message "131": _pickle.UnpicklingError: invalid load key, ' '.
NoneType: None

2026-09-09 04:58:29.347 [info] [Error - 4:58:29 AM] Request textDocument/semanticTokens/range failed.
2026-09-09 04:58:29.347 [info]   Message: _pickle.UnpicklingError: invalid load key, ' '.
  Code: -32603 
[object Object]
2026-09-09 04:58:31.246 [info] semantic_tokens_full file:///voc/work/exercises/lesson-1-review-code-like-an-engineer/exercises/concept3-dependency-validation-review/solution/file_processor.py 
2026-09-09 04:58:31.250 [info] ERROR:pygls.protocol.json_rpc:Exception occurred for message "133": _pickle.UnpicklingError: invalid load key, ' '.
NoneType: None

2026-09-09 04:58:31.253 [info] [Error - 4:58:31 AM] Request textDocument/semanticTokens/full failed.
2026-09-09 04:58:31.253 [info]   Message: _pickle.UnpicklingError: invalid load key, ' '.
  Code: -32603 
[object Object]
2026-09-09 04:58:33.030 [info] ERROR:pygls.protocol.json_rpc:Failed to handle request 135 textDocument/codeAction CodeActionParams(text_document=TextDocumentIdentifier(uri='file:///voc/work/exercises/lesson-1-review-code-like-an-engineer/exercises/concept3-dependency-validation-review/starter/file_processor.py'), range=20:5-20:19, context=CodeActionContext(diagnostics=[], only=None, trigger_kind=<CodeActionTriggerKind.Automatic: 2>), work_done_token=None, partial_result_token=None)
Traceback (most recent call last):
  File "/usr/local/lib/code-server-4.103.2/lib/vscode/extensions/ms-python.python-2025.12.0/python_files/lib/jedilsp/pygls/protocol/json_rpc.py", line 266, in _handle_request
    self._execute_request(msg_id, handler, params)
  File "/usr/local/lib/code-server-4.103.2/lib/vscode/extensions/ms-python.python-2025.12.0/python_files/lib/jedilsp/pygls/protocol/json_rpc.py", line 188, in _execute_request
    self._send_response(msg_id, handler(params))
  File "/usr/local/lib/code-server-4.103.2/lib/vscode/extensions/ms-python.python-2025.12.0/python_files/lib/jedilsp/jedi_language_server/notebook_utils.py", line 373, in wrapped
    result = f(notebook_server, notebook_params)
  File "/usr/local/lib/code-server-4.103.2/lib/vscode/extensions/ms-python.python-2025.12.0/python_files/lib/jedilsp/jedi_language_server/server.py", line 671, in code_action
    inline_refactoring = jedi_script.inline(*jedi_lines)
  File "/usr/local/lib/code-server-4.103.2/lib/vscode/extensions/ms-python.python-2025.12.0/python_files/lib/jedilsp/jedi/api/__init__.py", line 697, in inline
    names = [d._name for d in self.get_references(line, column, include_builtins=True)]
  File "/usr/local/lib/code-server-4.103.2/lib/vscode/extensions/ms-python.python-2025.12.0/python_files/lib/jedilsp/jedi/api/helpers.py", line 487, in wrapper
    return func(self, line, column, *args, **kwargs)
  File "/usr/local/lib/code-server-4.103.2/lib/vscode/extensions/ms-python.python-2025.12.0/python_files/lib/jedilsp/jedi/api/__init__.py", line 429, in get_references
    return _references(**kwargs)
  File "/usr/local/lib/code-server-4.103.2/lib/vscode/extensions/ms-python.python-2025.12.0/python_files/lib/jedilsp/jedi/api/__init__.py", line 423, in _references
    names = find_references(self._get_module_context(), tree_name, scope == 'file')
  File "/usr/local/lib/code-server-4.103.2/lib/vscode/extensions/ms-python.python-2025.12.0/python_files/lib/jedilsp/jedi/inference/references.py", line 122, in find_references
    found_names = _find_defining_names(module_context, tree_name)
  File "/usr/local/lib/code-server-4.103.2/lib/vscode/extensions/ms-python.python-2025.12.0/python_files/lib/jedilsp/jedi/inference/references.py", line 53, in _find_defining_names
    found_names = _find_names(module_context, tree_name)
  File "/usr/local/lib/code-server-4.103.2/lib/vscode/extensions/ms-python.python-2025.12.0/python_files/lib/jedilsp/jedi/inference/references.py", line 74, in _find_names
    found_names = set(name.goto())
  File "/usr/local/lib/code-server-4.103.2/lib/vscode/extensions/ms-python.python-2025.12.0/python_files/lib/jedilsp/jedi/inference/names.py", line 157, in goto
    module_names = goto_import(context, name)
  File "/usr/local/lib/code-server-4.103.2/lib/vscode/extensions/ms-python.python-2025.12.0/python_files/lib/jedilsp/jedi/inference/cache.py", line 44, in wrapper
    rv = function(obj, *args, **kwargs)
  File "/usr/local/lib/code-server-4.103.2/lib/vscode/extensions/ms-python.python-2025.12.0/python_files/lib/jedilsp/jedi/inference/imports.py", line 75, in goto_import
    _prepare_infer_import(module_context, tree_name)
  File "/usr/local/lib/code-server-4.103.2/lib/vscode/extensions/ms-python.python-2025.12.0/python_files/lib/jedilsp/jedi/inference/imports.py", line 116, in _prepare_infer_import
    return from_import_name, tuple(import_path), import_node.level, importer.follow()
  File "/usr/local/lib/code-server-4.103.2/lib/vscode/extensions/ms-python.python-2025.12.0/python_files/lib/jedilsp/jedi/inference/imports.py", line 296, in follow
    return import_module_by_names(
  File "/usr/local/lib/code-server-4.103.2/lib/vscode/extensions/ms-python.python-2025.12.0/python_files/lib/jedilsp/jedi/inference/imports.py", line 376, in import_module_by_names
    value_set = ValueSet.from_sets([
  File "/usr/local/lib/code-server-4.103.2/lib/vscode/extensions/ms-python.python-2025.12.0/python_files/lib/jedilsp/jedi/inference/imports.py", line 377, in <listcomp>
    import_module(
  File "/usr/local/lib/code-server-4.103.2/lib/vscode/extensions/ms-python.python-2025.12.0/python_files/lib/jedilsp/jedi/plugins/__init__.py", line 21, in wrapper
    return built_functions[public_name](*args, **kwargs)
  File "/usr/local/lib/code-server-4.103.2/lib/vscode/extensions/ms-python.python-2025.12.0/python_files/lib/jedilsp/jedi/plugins/flask.py", line 20, in wrapper
    return callback(inference_state, import_names, module_context, *args, **kwargs)
  File "/usr/local/lib/code-server-4.103.2/lib/vscode/extensions/ms-python.python-2025.12.0/python_files/lib/jedilsp/jedi/inference/gradual/typeshed.py", line 115, in wrapper
    python_value_set = ValueSet.from_sets(
  File "/usr/local/lib/code-server-4.103.2/lib/vscode/extensions/ms-python.python-2025.12.0/python_files/lib/jedilsp/jedi/inference/base_value.py", line 430, in from_sets
    for set_ in sets:
  File "/usr/local/lib/code-server-4.103.2/lib/vscode/extensions/ms-python.python-2025.12.0/python_files/lib/jedilsp/jedi/inference/gradual/typeshed.py", line 116, in <genexpr>
    func(inference_state, import_names, p, sys_path,)
  File "/usr/local/lib/code-server-4.103.2/lib/vscode/extensions/ms-python.python-2025.12.0/python_files/lib/jedilsp/jedi/inference/imports.py", line 411, in import_module
    file_io_or_ns, is_pkg = inference_state.compiled_subprocess.get_module_info(
  File "/usr/local/lib/code-server-4.103.2/lib/vscode/extensions/ms-python.python-2025.12.0/python_files/lib/jedilsp/jedi/inference/compiled/subprocess/__init__.py", line 188, in wrapper
    result = self._compiled_subprocess.run(
  File "/usr/local/lib/code-server-4.103.2/lib/vscode/extensions/ms-python.python-2025.12.0/python_files/lib/jedilsp/jedi/inference/compiled/subprocess/__init__.py", line 293, in run
    self._send(delete_id, None)
  File "/usr/local/lib/code-server-4.103.2/lib/vscode/extensions/ms-python.python-2025.12.0/python_files/lib/jedilsp/jedi/inference/compiled/subprocess/__init__.py", line 318, in _send
    is_exception, traceback, result = pickle_load(self._get_process().stdout)
  File "/usr/local/lib/code-server-4.103.2/lib/vscode/extensions/ms-python.python-2025.12.0/python_files/lib/jedilsp/jedi/_compatibility.py", line 25, in pickle_load
    return Unpickler(file).load()
_pickle.UnpicklingError: invalid load key, ' '.

2026-09-09 04:58:33.031 [info] [Error - 4:58:33 AM] Request textDocument/codeAction failed.
2026-09-09 04:58:33.038 [info]   Message: _pickle.UnpicklingError: invalid load key, ' '.
  Code: -32603 
[object Object]
2026-09-09 04:58:33.087 [info] ERROR:pygls.protocol.json_rpc:Failed to handle request 136 textDocument/documentSymbol DocumentSymbolParams(text_document=TextDocumentIdentifier(uri='file:///voc/work/exercises/lesson-1-review-code-like-an-engineer/exercises/concept3-dependency-validation-review/starter/file_processor.py'), work_done_token=None, partial_result_token=None)
Traceback (most recent call last):
  File "/usr/local/lib/code-server-4.103.2/lib/vscode/extensions/ms-python.python-2025.12.0/python_files/lib/jedilsp/pygls/protocol/json_rpc.py", line 266, in _handle_request
    self._execute_request(msg_id, handler, params)
  File "/usr/local/lib/code-server-4.103.2/lib/vscode/extensions/ms-python.python-2025.12.0/python_files/lib/jedilsp/pygls/protocol/json_rpc.py", line 188, in _execute_request
    self._send_response(msg_id, handler(params))
  File "/usr/local/lib/code-server-4.103.2/lib/vscode/extensions/ms-python.python-2025.12.0/python_files/lib/jedilsp/jedi_language_server/server.py", line 546, in document_symbol
    document_symbols = jedi_utils.lsp_document_symbols(names)
  File "/usr/local/lib/code-server-4.103.2/lib/vscode/extensions/ms-python.python-2025.12.0/python_files/lib/jedilsp/jedi_language_server/jedi_utils.py", line 225, in lsp_document_symbols
    symbol_range = _document_symbol_range(name)
  File "/usr/local/lib/code-server-4.103.2/lib/vscode/extensions/ms-python.python-2025.12.0/python_files/lib/jedilsp/jedi_language_server/jedi_utils.py", line 204, in _document_symbol_range
    end = name.get_definition_end_position()
  File "/usr/local/lib/code-server-4.103.2/lib/vscode/extensions/ms-python.python-2025.12.0/python_files/lib/jedilsp/jedi/api/classes.py", line 260, in get_definition_end_position
    if self.type in ("function", "class"):
  File "/usr/local/lib/code-server-4.103.2/lib/vscode/extensions/ms-python.python-2025.12.0/python_files/lib/jedilsp/jedi/api/classes.py", line 190, in type
    for value in self._name.infer():
  File "/usr/local/lib/code-server-4.103.2/lib/vscode/extensions/ms-python.python-2025.12.0/python_files/lib/jedilsp/jedi/inference/names.py", line 281, in infer
    return tree_name_to_values(
  File "/usr/local/lib/code-server-4.103.2/lib/vscode/extensions/ms-python.python-2025.12.0/python_files/lib/jedilsp/jedi/plugins/__init__.py", line 21, in wrapper
    return built_functions[public_name](*args, **kwargs)
  File "/usr/local/lib/code-server-4.103.2/lib/vscode/extensions/ms-python.python-2025.12.0/python_files/lib/jedilsp/jedi/plugins/stdlib.py", line 878, in wrapper
    return func(inference_state, context, tree_name)
  File "/usr/local/lib/code-server-4.103.2/lib/vscode/extensions/ms-python.python-2025.12.0/python_files/lib/jedilsp/jedi/plugins/django.py", line 177, in wrapper
    result = func(inference_state, context, tree_name)
  File "/usr/local/lib/code-server-4.103.2/lib/vscode/extensions/ms-python.python-2025.12.0/python_files/lib/jedilsp/jedi/inference/syntax_tree.py", line 771, in tree_name_to_values
    types = imports.infer_import(context, tree_name)
  File "/usr/local/lib/code-server-4.103.2/lib/vscode/extensions/ms-python.python-2025.12.0/python_files/lib/jedilsp/jedi/inference/cache.py", line 44, in wrapper
    rv = function(obj, *args, **kwargs)
  File "/usr/local/lib/code-server-4.103.2/lib/vscode/extensions/ms-python.python-2025.12.0/python_files/lib/jedilsp/jedi/inference/imports.py", line 53, in infer_import
    _prepare_infer_import(module_context, tree_name)
  File "/usr/local/lib/code-server-4.103.2/lib/vscode/extensions/ms-python.python-2025.12.0/python_files/lib/jedilsp/jedi/inference/imports.py", line 116, in _prepare_infer_import
    return from_import_name, tuple(import_path), import_node.level, importer.follow()
  File "/usr/local/lib/code-server-4.103.2/lib/vscode/extensions/ms-python.python-2025.12.0/python_files/lib/jedilsp/jedi/inference/imports.py", line 296, in follow
    return import_module_by_names(
  File "/usr/local/lib/code-server-4.103.2/lib/vscode/extensions/ms-python.python-2025.12.0/python_files/lib/jedilsp/jedi/inference/imports.py", line 376, in import_module_by_names
    value_set = ValueSet.from_sets([
  File "/usr/local/lib/code-server-4.103.2/lib/vscode/extensions/ms-python.python-2025.12.0/python_files/lib/jedilsp/jedi/inference/imports.py", line 377, in <listcomp>
    import_module(
  File "/usr/local/lib/code-server-4.103.2/lib/vscode/extensions/ms-python.python-2025.12.0/python_files/lib/jedilsp/jedi/plugins/__init__.py", line 21, in wrapper
    return built_functions[public_name](*args, **kwargs)
  File "/usr/local/lib/code-server-4.103.2/lib/vscode/extensions/ms-python.python-2025.12.0/python_files/lib/jedilsp/jedi/plugins/flask.py", line 20, in wrapper
    return callback(inference_state, import_names, module_context, *args, **kwargs)
  File "/usr/local/lib/code-server-4.103.2/lib/vscode/extensions/ms-python.python-2025.12.0/python_files/lib/jedilsp/jedi/inference/gradual/typeshed.py", line 115, in wrapper
    python_value_set = ValueSet.from_sets(
  File "/usr/local/lib/code-server-4.103.2/lib/vscode/extensions/ms-python.python-2025.12.0/python_files/lib/jedilsp/jedi/inference/base_value.py", line 430, in from_sets
    for set_ in sets:
  File "/usr/local/lib/code-server-4.103.2/lib/vscode/extensions/ms-python.python-2025.12.0/python_files/lib/jedilsp/jedi/inference/gradual/typeshed.py", line 116, in <genexpr>
    func(inference_state, import_names, p, sys_path,)
  File "/usr/local/lib/code-server-4.103.2/lib/vscode/extensions/ms-python.python-2025.12.0/python_files/lib/jedilsp/jedi/inference/imports.py", line 411, in import_module
    file_io_or_ns, is_pkg = inference_state.compiled_subprocess.get_module_info(
  File "/usr/local/lib/code-server-4.103.2/lib/vscode/extensions/ms-python.python-2025.12.0/python_files/lib/jedilsp/jedi/inference/compiled/subprocess/__init__.py", line 188, in wrapper
    result = self._compiled_subprocess.run(
  File "/usr/local/lib/code-server-4.103.2/lib/vscode/extensions/ms-python.python-2025.12.0/python_files/lib/jedilsp/jedi/inference/compiled/subprocess/__init__.py", line 293, in run
    self._send(delete_id, None)
  File "/usr/local/lib/code-server-4.103.2/lib/vscode/extensions/ms-python.python-2025.12.0/python_files/lib/jedilsp/jedi/inference/compiled/subprocess/__init__.py", line 318, in _send
    is_exception, traceback, result = pickle_load(self._get_process().stdout)
  File "/usr/local/lib/code-server-4.103.2/lib/vscode/extensions/ms-python.python-2025.12.0/python_files/lib/jedilsp/jedi/_compatibility.py", line 25, in pickle_load
    return Unpickler(file).load()
_pickle.UnpicklingError: invalid load key, ' '.

2026-09-09 04:58:33.088 [info] [Error - 4:58:33 AM] Request textDocument/documentSymbol failed.
2026-09-09 04:58:33.095 [info]   Message: _pickle.UnpicklingError: invalid load key, ' '.
  Code: -32603 
[object Object]
2026-09-09 04:58:34.756 [info] semantic_tokens_full file:///voc/work/exercises/lesson-1-review-code-like-an-engineer/exercises/concept3-dependency-validation-review/starter/file_processor.py 
2026-09-09 04:58:34.760 [info] ERROR:pygls.protocol.json_rpc:Exception occurred for message "137": _pickle.UnpicklingError: invalid load key, ' '.
NoneType: None

2026-09-09 04:58:34.764 [info] [Error - 4:58:34 AM] Request textDocument/semanticTokens/full failed.
2026-09-09 04:58:34.764 [info]   Message: _pickle.UnpicklingError: invalid load key, ' '.
  Code: -32603 
[object Object]
2026-09-09 04:58:44.566 [info] semantic_tokens_range file:///voc/work/exercises/lesson-1-review-code-like-an-engineer/exercises/concept3-dependency-validation-review/solution/file_processor.py 0:0-62:24
2026-09-09 04:58:44.570 [info] ERROR:pygls.protocol.json_rpc:Exception occurred for message "139": _pickle.UnpicklingError: invalid load key, ' '.
NoneType: None

2026-09-09 04:58:44.574 [info] [Error - 4:58:44 AM] Request textDocument/semanticTokens/range failed.
2026-09-09 04:58:44.574 [info]   Message: _pickle.UnpicklingError: invalid load key, ' '.
  Code: -32603 
[object Object]
2026-09-09 04:58:46.471 [info] semantic_tokens_full file:///voc/work/exercises/lesson-1-review-code-like-an-engineer/exercises/concept3-dependency-validation-review/solution/file_processor.py 
2026-09-09 04:58:46.476 [info] ERROR:pygls.protocol.json_rpc:Exception occurred for message "141": _pickle.UnpicklingError: invalid load key, ' '.
NoneType: None

2026-09-09 04:58:46.480 [info] [Error - 4:58:46 AM] Request textDocument/semanticTokens/full failed.
2026-09-09 04:58:46.480 [info]   Message: _pickle.UnpicklingError: invalid load key, ' '.
  Code: -32603 
[object Object]
2026-09-09 04:58:47.077 [info] ERROR:pygls.protocol.json_rpc:Failed to handle request 143 textDocument/codeAction CodeActionParams(text_document=TextDocumentIdentifier(uri='file:///voc/work/exercises/lesson-1-review-code-like-an-engineer/exercises/concept3-dependency-validation-review/starter/file_processor.py'), range=20:5-20:19, context=CodeActionContext(diagnostics=[], only=None, trigger_kind=<CodeActionTriggerKind.Automatic: 2>), work_done_token=None, partial_result_token=None)
Traceback (most recent call last):
  File "/usr/local/lib/code-server-4.103.2/lib/vscode/extensions/ms-python.python-2025.12.0/python_files/lib/jedilsp/pygls/protocol/json_rpc.py", line 266, in _handle_request
    self._execute_request(msg_id, handler, params)
  File "/usr/local/lib/code-server-4.103.2/lib/vscode/extensions/ms-python.python-2025.12.0/python_files/lib/jedilsp/pygls/protocol/json_rpc.py", line 188, in _execute_request
    self._send_response(msg_id, handler(params))
  File "/usr/local/lib/code-server-4.103.2/lib/vscode/extensions/ms-python.python-2025.12.0/python_files/lib/jedilsp/jedi_language_server/notebook_utils.py", line 373, in wrapped
    result = f(notebook_server, notebook_params)
  File "/usr/local/lib/code-server-4.103.2/lib/vscode/extensions/ms-python.python-2025.12.0/python_files/lib/jedilsp/jedi_language_server/server.py", line 671, in code_action
    inline_refactoring = jedi_script.inline(*jedi_lines)
  File "/usr/local/lib/code-server-4.103.2/lib/vscode/extensions/ms-python.python-2025.12.0/python_files/lib/jedilsp/jedi/api/__init__.py", line 697, in inline
    names = [d._name for d in self.get_references(line, column, include_builtins=True)]
  File "/usr/local/lib/code-server-4.103.2/lib/vscode/extensions/ms-python.python-2025.12.0/python_files/lib/jedilsp/jedi/api/helpers.py", line 487, in wrapper
    return func(self, line, column, *args, **kwargs)
  File "/usr/local/lib/code-server-4.103.2/lib/vscode/extensions/ms-python.python-2025.12.0/python_files/lib/jedilsp/jedi/api/__init__.py", line 429, in get_references
    return _references(**kwargs)
  File "/usr/local/lib/code-server-4.103.2/lib/vscode/extensions/ms-python.python-2025.12.0/python_files/lib/jedilsp/jedi/api/__init__.py", line 423, in _references
    names = find_references(self._get_module_context(), tree_name, scope == 'file')
  File "/usr/local/lib/code-server-4.103.2/lib/vscode/extensions/ms-python.python-2025.12.0/python_files/lib/jedilsp/jedi/inference/references.py", line 122, in find_references
    found_names = _find_defining_names(module_context, tree_name)
  File "/usr/local/lib/code-server-4.103.2/lib/vscode/extensions/ms-python.python-2025.12.0/python_files/lib/jedilsp/jedi/inference/references.py", line 53, in _find_defining_names
    found_names = _find_names(module_context, tree_name)
  File "/usr/local/lib/code-server-4.103.2/lib/vscode/extensions/ms-python.python-2025.12.0/python_files/lib/jedilsp/jedi/inference/references.py", line 74, in _find_names
    found_names = set(name.goto())
  File "/usr/local/lib/code-server-4.103.2/lib/vscode/extensions/ms-python.python-2025.12.0/python_files/lib/jedilsp/jedi/inference/names.py", line 157, in goto
    module_names = goto_import(context, name)
  File "/usr/local/lib/code-server-4.103.2/lib/vscode/extensions/ms-python.python-2025.12.0/python_files/lib/jedilsp/jedi/inference/cache.py", line 44, in wrapper
    rv = function(obj, *args, **kwargs)
  File "/usr/local/lib/code-server-4.103.2/lib/vscode/extensions/ms-python.python-2025.12.0/python_files/lib/jedilsp/jedi/inference/imports.py", line 75, in goto_import
    _prepare_infer_import(module_context, tree_name)
  File "/usr/local/lib/code-server-4.103.2/lib/vscode/extensions/ms-python.python-2025.12.0/python_files/lib/jedilsp/jedi/inference/imports.py", line 116, in _prepare_infer_import
    return from_import_name, tuple(import_path), import_node.level, importer.follow()
  File "/usr/local/lib/code-server-4.103.2/lib/vscode/extensions/ms-python.python-2025.12.0/python_files/lib/jedilsp/jedi/inference/imports.py", line 296, in follow
    return import_module_by_names(
  File "/usr/local/lib/code-server-4.103.2/lib/vscode/extensions/ms-python.python-2025.12.0/python_files/lib/jedilsp/jedi/inference/imports.py", line 376, in import_module_by_names
    value_set = ValueSet.from_sets([
  File "/usr/local/lib/code-server-4.103.2/lib/vscode/extensions/ms-python.python-2025.12.0/python_files/lib/jedilsp/jedi/inference/imports.py", line 377, in <listcomp>
    import_module(
  File "/usr/local/lib/code-server-4.103.2/lib/vscode/extensions/ms-python.python-2025.12.0/python_files/lib/jedilsp/jedi/plugins/__init__.py", line 21, in wrapper
    return built_functions[public_name](*args, **kwargs)
  File "/usr/local/lib/code-server-4.103.2/lib/vscode/extensions/ms-python.python-2025.12.0/python_files/lib/jedilsp/jedi/plugins/flask.py", line 20, in wrapper
    return callback(inference_state, import_names, module_context, *args, **kwargs)
  File "/usr/local/lib/code-server-4.103.2/lib/vscode/extensions/ms-python.python-2025.12.0/python_files/lib/jedilsp/jedi/inference/gradual/typeshed.py", line 115, in wrapper
    python_value_set = ValueSet.from_sets(
  File "/usr/local/lib/code-server-4.103.2/lib/vscode/extensions/ms-python.python-2025.12.0/python_files/lib/jedilsp/jedi/inference/base_value.py", line 430, in from_sets
    for set_ in sets:
  File "/usr/local/lib/code-server-4.103.2/lib/vscode/extensions/ms-python.python-2025.12.0/python_files/lib/jedilsp/jedi/inference/gradual/typeshed.py", line 116, in <genexpr>
    func(inference_state, import_names, p, sys_path,)
  File "/usr/local/lib/code-server-4.103.2/lib/vscode/extensions/ms-python.python-2025.12.0/python_files/lib/jedilsp/jedi/inference/imports.py", line 411, in import_module
    file_io_or_ns, is_pkg = inference_state.compiled_subprocess.get_module_info(
  File "/usr/local/lib/code-server-4.103.2/lib/vscode/extensions/ms-python.python-2025.12.0/python_files/lib/jedilsp/jedi/inference/compiled/subprocess/__init__.py", line 188, in wrapper
    result = self._compiled_subprocess.run(
  File "/usr/local/lib/code-server-4.103.2/lib/vscode/extensions/ms-python.python-2025.12.0/python_files/lib/jedilsp/jedi/inference/compiled/subprocess/__init__.py", line 293, in run
    self._send(delete_id, None)
  File "/usr/local/lib/code-server-4.103.2/lib/vscode/extensions/ms-python.python-2025.12.0/python_files/lib/jedilsp/jedi/inference/compiled/subprocess/__init__.py", line 318, in _send
    is_exception, traceback, result = pickle_load(self._get_process().stdout)
  File "/usr/local/lib/code-server-4.103.2/lib/vscode/extensions/ms-python.python-2025.12.0/python_files/lib/jedilsp/jedi/_compatibility.py", line 25, in pickle_load
    return Unpickler(file).load()
_pickle.UnpicklingError: invalid load key, ' '.

2026-09-09 04:58:47.077 [info] [Error - 4:58:47 AM] Request textDocument/codeAction failed.
2026-09-09 04:58:47.091 [info]   Message: _pickle.UnpicklingError: invalid load key, ' '.
  Code: -32603 
[object Object]
2026-09-09 04:58:47.138 [info] ERROR:pygls.protocol.json_rpc:Failed to handle request 144 textDocument/documentSymbol DocumentSymbolParams(text_document=TextDocumentIdentifier(uri='file:///voc/work/exercises/lesson-1-review-code-like-an-engineer/exercises/concept3-dependency-validation-review/starter/file_processor.py'), work_done_token=None, partial_result_token=None)
Traceback (most recent call last):
  File "/usr/local/lib/code-server-4.103.2/lib/vscode/extensions/ms-python.python-2025.12.0/python_files/lib/jedilsp/pygls/protocol/json_rpc.py", line 266, in _handle_request
    self._execute_request(msg_id, handler, params)
  File "/usr/local/lib/code-server-4.103.2/lib/vscode/extensions/ms-python.python-2025.12.0/python_files/lib/jedilsp/pygls/protocol/json_rpc.py", line 188, in _execute_request
    self._send_response(msg_id, handler(params))
  File "/usr/local/lib/code-server-4.103.2/lib/vscode/extensions/ms-python.python-2025.12.0/python_files/lib/jedilsp/jedi_language_server/server.py", line 546, in document_symbol
    document_symbols = jedi_utils.lsp_document_symbols(names)
  File "/usr/local/lib/code-server-4.103.2/lib/vscode/extensions/ms-python.python-2025.12.0/python_files/lib/jedilsp/jedi_language_server/jedi_utils.py", line 225, in lsp_document_symbols
    symbol_range = _document_symbol_range(name)
  File "/usr/local/lib/code-server-4.103.2/lib/vscode/extensions/ms-python.python-2025.12.0/python_files/lib/jedilsp/jedi_language_server/jedi_utils.py", line 204, in _document_symbol_range
    end = name.get_definition_end_position()
  File "/usr/local/lib/code-server-4.103.2/lib/vscode/extensions/ms-python.python-2025.12.0/python_files/lib/jedilsp/jedi/api/classes.py", line 260, in get_definition_end_position
    if self.type in ("function", "class"):
  File "/usr/local/lib/code-server-4.103.2/lib/vscode/extensions/ms-python.python-2025.12.0/python_files/lib/jedilsp/jedi/api/classes.py", line 190, in type
    for value in self._name.infer():
  File "/usr/local/lib/code-server-4.103.2/lib/vscode/extensions/ms-python.python-2025.12.0/python_files/lib/jedilsp/jedi/inference/names.py", line 281, in infer
    return tree_name_to_values(
  File "/usr/local/lib/code-server-4.103.2/lib/vscode/extensions/ms-python.python-2025.12.0/python_files/lib/jedilsp/jedi/plugins/__init__.py", line 21, in wrapper
    return built_functions[public_name](*args, **kwargs)
  File "/usr/local/lib/code-server-4.103.2/lib/vscode/extensions/ms-python.python-2025.12.0/python_files/lib/jedilsp/jedi/plugins/stdlib.py", line 878, in wrapper
    return func(inference_state, context, tree_name)
  File "/usr/local/lib/code-server-4.103.2/lib/vscode/extensions/ms-python.python-2025.12.0/python_files/lib/jedilsp/jedi/plugins/django.py", line 177, in wrapper
    result = func(inference_state, context, tree_name)
  File "/usr/local/lib/code-server-4.103.2/lib/vscode/extensions/ms-python.python-2025.12.0/python_files/lib/jedilsp/jedi/inference/syntax_tree.py", line 771, in tree_name_to_values
    types = imports.infer_import(context, tree_name)
  File "/usr/local/lib/code-server-4.103.2/lib/vscode/extensions/ms-python.python-2025.12.0/python_files/lib/jedilsp/jedi/inference/cache.py", line 44, in wrapper
    rv = function(obj, *args, **kwargs)
  File "/usr/local/lib/code-server-4.103.2/lib/vscode/extensions/ms-python.python-2025.12.0/python_files/lib/jedilsp/jedi/inference/imports.py", line 53, in infer_import
    _prepare_infer_import(module_context, tree_name)
  File "/usr/local/lib/code-server-4.103.2/lib/vscode/extensions/ms-python.python-2025.12.0/python_files/lib/jedilsp/jedi/inference/imports.py", line 116, in _prepare_infer_import
    return from_import_name, tuple(import_path), import_node.level, importer.follow()
  File "/usr/local/lib/code-server-4.103.2/lib/vscode/extensions/ms-python.python-2025.12.0/python_files/lib/jedilsp/jedi/inference/imports.py", line 296, in follow
    return import_module_by_names(
  File "/usr/local/lib/code-server-4.103.2/lib/vscode/extensions/ms-python.python-2025.12.0/python_files/lib/jedilsp/jedi/inference/imports.py", line 376, in import_module_by_names
    value_set = ValueSet.from_sets([
  File "/usr/local/lib/code-server-4.103.2/lib/vscode/extensions/ms-python.python-2025.12.0/python_files/lib/jedilsp/jedi/inference/imports.py", line 377, in <listcomp>
    import_module(
  File "/usr/local/lib/code-server-4.103.2/lib/vscode/extensions/ms-python.python-2025.12.0/python_files/lib/jedilsp/jedi/plugins/__init__.py", line 21, in wrapper
    return built_functions[public_name](*args, **kwargs)
  File "/usr/local/lib/code-server-4.103.2/lib/vscode/extensions/ms-python.python-2025.12.0/python_files/lib/jedilsp/jedi/plugins/flask.py", line 20, in wrapper
    return callback(inference_state, import_names, module_context, *args, **kwargs)
  File "/usr/local/lib/code-server-4.103.2/lib/vscode/extensions/ms-python.python-2025.12.0/python_files/lib/jedilsp/jedi/inference/gradual/typeshed.py", line 115, in wrapper
    python_value_set = ValueSet.from_sets(
  File "/usr/local/lib/code-server-4.103.2/lib/vscode/extensions/ms-python.python-2025.12.0/python_files/lib/jedilsp/jedi/inference/base_value.py", line 430, in from_sets
    for set_ in sets:
  File "/usr/local/lib/code-server-4.103.2/lib/vscode/extensions/ms-python.python-2025.12.0/python_files/lib/jedilsp/jedi/inference/gradual/typeshed.py", line 116, in <genexpr>
    func(inference_state, import_names, p, sys_path,)
  File "/usr/local/lib/code-server-4.103.2/lib/vscode/extensions/ms-python.python-2025.12.0/python_files/lib/jedilsp/jedi/inference/imports.py", line 411, in import_module
    file_io_or_ns, is_pkg = inference_state.compiled_subprocess.get_module_info(
  File "/usr/local/lib/code-server-4.103.2/lib/vscode/extensions/ms-python.python-2025.12.0/python_files/lib/jedilsp/jedi/inference/compiled/subprocess/__init__.py", line 188, in wrapper
    result = self._compiled_subprocess.run(
  File "/usr/local/lib/code-server-4.103.2/lib/vscode/extensions/ms-python.python-2025.12.0/python_files/lib/jedilsp/jedi/inference/compiled/subprocess/__init__.py", line 293, in run
    self._send(delete_id, None)
  File "/usr/local/lib/code-server-4.103.2/lib/vscode/extensions/ms-python.python-2025.12.0/python_files/lib/jedilsp/jedi/inference/compiled/subprocess/__init__.py", line 318, in _send
    is_exception, traceback, result = pickle_load(self._get_process().stdout)
  File "/usr/local/lib/code-server-4.103.2/lib/vscode/extensions/ms-python.python-2025.12.0/python_files/lib/jedilsp/jedi/_compatibility.py", line 25, in pickle_load
    return Unpickler(file).load()
_pickle.UnpicklingError: invalid load key, ' '.

2026-09-09 04:58:47.138 [info] [Error - 4:58:47 AM] Request textDocument/documentSymbol failed.
2026-09-09 04:58:47.145 [info]   Message: _pickle.UnpicklingError: invalid load key, ' '.
  Code: -32603 
[object Object]
2026-09-09 04:58:48.338 [info] ERROR:pygls.protocol.json_rpc:Failed to handle request 145 textDocument/documentHighlight DocumentHighlightParams(text_document=TextDocumentIdentifier(uri='file:///voc/work/exercises/lesson-1-review-code-like-an-engineer/exercises/concept3-dependency-validation-review/starter/file_processor.py'), position=20:40, work_done_token=None, partial_result_token=None)
Traceback (most recent call last):
  File "/usr/local/lib/code-server-4.103.2/lib/vscode/extensions/ms-python.python-2025.12.0/python_files/lib/jedilsp/pygls/protocol/json_rpc.py", line 266, in _handle_request
    self._execute_request(msg_id, handler, params)
  File "/usr/local/lib/code-server-4.103.2/lib/vscode/extensions/ms-python.python-2025.12.0/python_files/lib/jedilsp/pygls/protocol/json_rpc.py", line 188, in _execute_request
    self._send_response(msg_id, handler(params))
  File "/usr/local/lib/code-server-4.103.2/lib/vscode/extensions/ms-python.python-2025.12.0/python_files/lib/jedilsp/jedi_language_server/server.py", line 466, in highlight
    names = jedi_script.get_references(*jedi_lines, scope="file")
  File "/usr/local/lib/code-server-4.103.2/lib/vscode/extensions/ms-python.python-2025.12.0/python_files/lib/jedilsp/jedi/api/helpers.py", line 487, in wrapper
    return func(self, line, column, *args, **kwargs)
  File "/usr/local/lib/code-server-4.103.2/lib/vscode/extensions/ms-python.python-2025.12.0/python_files/lib/jedilsp/jedi/api/__init__.py", line 429, in get_references
    return _references(**kwargs)
  File "/usr/local/lib/code-server-4.103.2/lib/vscode/extensions/ms-python.python-2025.12.0/python_files/lib/jedilsp/jedi/api/__init__.py", line 423, in _references
    names = find_references(self._get_module_context(), tree_name, scope == 'file')
  File "/usr/local/lib/code-server-4.103.2/lib/vscode/extensions/ms-python.python-2025.12.0/python_files/lib/jedilsp/jedi/inference/references.py", line 122, in find_references
    found_names = _find_defining_names(module_context, tree_name)
  File "/usr/local/lib/code-server-4.103.2/lib/vscode/extensions/ms-python.python-2025.12.0/python_files/lib/jedilsp/jedi/inference/references.py", line 53, in _find_defining_names
    found_names = _find_names(module_context, tree_name)
  File "/usr/local/lib/code-server-4.103.2/lib/vscode/extensions/ms-python.python-2025.12.0/python_files/lib/jedilsp/jedi/inference/references.py", line 74, in _find_names
    found_names = set(name.goto())
  File "/usr/local/lib/code-server-4.103.2/lib/vscode/extensions/ms-python.python-2025.12.0/python_files/lib/jedilsp/jedi/inference/names.py", line 157, in goto
    module_names = goto_import(context, name)
  File "/usr/local/lib/code-server-4.103.2/lib/vscode/extensions/ms-python.python-2025.12.0/python_files/lib/jedilsp/jedi/inference/cache.py", line 44, in wrapper
    rv = function(obj, *args, **kwargs)
  File "/usr/local/lib/code-server-4.103.2/lib/vscode/extensions/ms-python.python-2025.12.0/python_files/lib/jedilsp/jedi/inference/imports.py", line 75, in goto_import
    _prepare_infer_import(module_context, tree_name)
  File "/usr/local/lib/code-server-4.103.2/lib/vscode/extensions/ms-python.python-2025.12.0/python_files/lib/jedilsp/jedi/inference/imports.py", line 116, in _prepare_infer_import
    return from_import_name, tuple(import_path), import_node.level, importer.follow()
  File "/usr/local/lib/code-server-4.103.2/lib/vscode/extensions/ms-python.python-2025.12.0/python_files/lib/jedilsp/jedi/inference/imports.py", line 296, in follow
    return import_module_by_names(
  File "/usr/local/lib/code-server-4.103.2/lib/vscode/extensions/ms-python.python-2025.12.0/python_files/lib/jedilsp/jedi/inference/imports.py", line 376, in import_module_by_names
    value_set = ValueSet.from_sets([
  File "/usr/local/lib/code-server-4.103.2/lib/vscode/extensions/ms-python.python-2025.12.0/python_files/lib/jedilsp/jedi/inference/imports.py", line 377, in <listcomp>
    import_module(
  File "/usr/local/lib/code-server-4.103.2/lib/vscode/extensions/ms-python.python-2025.12.0/python_files/lib/jedilsp/jedi/plugins/__init__.py", line 21, in wrapper
    return built_functions[public_name](*args, **kwargs)
  File "/usr/local/lib/code-server-4.103.2/lib/vscode/extensions/ms-python.python-2025.12.0/python_files/lib/jedilsp/jedi/plugins/flask.py", line 20, in wrapper
    return callback(inference_state, import_names, module_context, *args, **kwargs)
  File "/usr/local/lib/code-server-4.103.2/lib/vscode/extensions/ms-python.python-2025.12.0/python_files/lib/jedilsp/jedi/inference/gradual/typeshed.py", line 115, in wrapper
    python_value_set = ValueSet.from_sets(
  File "/usr/local/lib/code-server-4.103.2/lib/vscode/extensions/ms-python.python-2025.12.0/python_files/lib/jedilsp/jedi/inference/base_value.py", line 430, in from_sets
    for set_ in sets:
  File "/usr/local/lib/code-server-4.103.2/lib/vscode/extensions/ms-python.python-2025.12.0/python_files/lib/jedilsp/jedi/inference/gradual/typeshed.py", line 116, in <genexpr>
    func(inference_state, import_names, p, sys_path,)
  File "/usr/local/lib/code-server-4.103.2/lib/vscode/extensions/ms-python.python-2025.12.0/python_files/lib/jedilsp/jedi/inference/imports.py", line 411, in import_module
    file_io_or_ns, is_pkg = inference_state.compiled_subprocess.get_module_info(
  File "/usr/local/lib/code-server-4.103.2/lib/vscode/extensions/ms-python.python-2025.12.0/python_files/lib/jedilsp/jedi/inference/compiled/subprocess/__init__.py", line 188, in wrapper
    result = self._compiled_subprocess.run(
  File "/usr/local/lib/code-server-4.103.2/lib/vscode/extensions/ms-python.python-2025.12.0/python_files/lib/jedilsp/jedi/inference/compiled/subprocess/__init__.py", line 293, in run
    self._send(delete_id, None)
  File "/usr/local/lib/code-server-4.103.2/lib/vscode/extensions/ms-python.python-2025.12.0/python_files/lib/jedilsp/jedi/inference/compiled/subprocess/__init__.py", line 318, in _send
    is_exception, traceback, result = pickle_load(self._get_process().stdout)
  File "/usr/local/lib/code-server-4.103.2/lib/vscode/extensions/ms-python.python-2025.12.0/python_files/lib/jedilsp/jedi/_compatibility.py", line 25, in pickle_load
    return Unpickler(file).load()
_pickle.UnpicklingError: invalid load key, ' '.

2026-09-09 04:58:48.339 [info] [Error - 4:58:48 AM] Request textDocument/documentHighlight failed.
2026-09-09 04:58:48.347 [info]   Message: _pickle.UnpicklingError: invalid load key, ' '.
  Code: -32603 
[object Object]
2026-09-09 04:58:48.819 [info] semantic_tokens_full file:///voc/work/exercises/lesson-1-review-code-like-an-engineer/exercises/concept3-dependency-validation-review/starter/file_processor.py 
2026-09-09 04:58:48.823 [info] ERROR:pygls.protocol.json_rpc:Exception occurred for message "146": _pickle.UnpicklingError: invalid load key, ' '.
NoneType: None

2026-09-09 04:58:48.828 [info] [Error - 4:58:48 AM] Request textDocument/semanticTokens/full failed.
2026-09-09 04:58:48.828 [info]   Message: _pickle.UnpicklingError: invalid load key, ' '.
  Code: -32603 
[object Object]
2026-09-09 04:58:49.177 [info] ERROR:pygls.protocol.json_rpc:Failed to handle request 147 textDocument/codeAction CodeActionParams(text_document=TextDocumentIdentifier(uri='file:///voc/work/exercises/lesson-1-review-code-like-an-engineer/exercises/concept3-dependency-validation-review/starter/file_processor.py'), range=20:28-20:40, context=CodeActionContext(diagnostics=[], only=None, trigger_kind=<CodeActionTriggerKind.Automatic: 2>), work_done_token=None, partial_result_token=None)
Traceback (most recent call last):
  File "/usr/local/lib/code-server-4.103.2/lib/vscode/extensions/ms-python.python-2025.12.0/python_files/lib/jedilsp/pygls/protocol/json_rpc.py", line 266, in _handle_request
    self._execute_request(msg_id, handler, params)
  File "/usr/local/lib/code-server-4.103.2/lib/vscode/extensions/ms-python.python-2025.12.0/python_files/lib/jedilsp/pygls/protocol/json_rpc.py", line 188, in _execute_request
    self._send_response(msg_id, handler(params))
  File "/usr/local/lib/code-server-4.103.2/lib/vscode/extensions/ms-python.python-2025.12.0/python_files/lib/jedilsp/jedi_language_server/notebook_utils.py", line 373, in wrapped
    result = f(notebook_server, notebook_params)
  File "/usr/local/lib/code-server-4.103.2/lib/vscode/extensions/ms-python.python-2025.12.0/python_files/lib/jedilsp/jedi_language_server/server.py", line 671, in code_action
    inline_refactoring = jedi_script.inline(*jedi_lines)
  File "/usr/local/lib/code-server-4.103.2/lib/vscode/extensions/ms-python.python-2025.12.0/python_files/lib/jedilsp/jedi/api/__init__.py", line 697, in inline
    names = [d._name for d in self.get_references(line, column, include_builtins=True)]
  File "/usr/local/lib/code-server-4.103.2/lib/vscode/extensions/ms-python.python-2025.12.0/python_files/lib/jedilsp/jedi/api/helpers.py", line 487, in wrapper
    return func(self, line, column, *args, **kwargs)
  File "/usr/local/lib/code-server-4.103.2/lib/vscode/extensions/ms-python.python-2025.12.0/python_files/lib/jedilsp/jedi/api/__init__.py", line 429, in get_references
    return _references(**kwargs)
  File "/usr/local/lib/code-server-4.103.2/lib/vscode/extensions/ms-python.python-2025.12.0/python_files/lib/jedilsp/jedi/api/__init__.py", line 423, in _references
    names = find_references(self._get_module_context(), tree_name, scope == 'file')
  File "/usr/local/lib/code-server-4.103.2/lib/vscode/extensions/ms-python.python-2025.12.0/python_files/lib/jedilsp/jedi/inference/references.py", line 122, in find_references
    found_names = _find_defining_names(module_context, tree_name)
  File "/usr/local/lib/code-server-4.103.2/lib/vscode/extensions/ms-python.python-2025.12.0/python_files/lib/jedilsp/jedi/inference/references.py", line 53, in _find_defining_names
    found_names = _find_names(module_context, tree_name)
  File "/usr/local/lib/code-server-4.103.2/lib/vscode/extensions/ms-python.python-2025.12.0/python_files/lib/jedilsp/jedi/inference/references.py", line 74, in _find_names
    found_names = set(name.goto())
  File "/usr/local/lib/code-server-4.103.2/lib/vscode/extensions/ms-python.python-2025.12.0/python_files/lib/jedilsp/jedi/inference/names.py", line 157, in goto
    module_names = goto_import(context, name)
  File "/usr/local/lib/code-server-4.103.2/lib/vscode/extensions/ms-python.python-2025.12.0/python_files/lib/jedilsp/jedi/inference/cache.py", line 44, in wrapper
    rv = function(obj, *args, **kwargs)
  File "/usr/local/lib/code-server-4.103.2/lib/vscode/extensions/ms-python.python-2025.12.0/python_files/lib/jedilsp/jedi/inference/imports.py", line 75, in goto_import
    _prepare_infer_import(module_context, tree_name)
  File "/usr/local/lib/code-server-4.103.2/lib/vscode/extensions/ms-python.python-2025.12.0/python_files/lib/jedilsp/jedi/inference/imports.py", line 116, in _prepare_infer_import
    return from_import_name, tuple(import_path), import_node.level, importer.follow()
  File "/usr/local/lib/code-server-4.103.2/lib/vscode/extensions/ms-python.python-2025.12.0/python_files/lib/jedilsp/jedi/inference/imports.py", line 296, in follow
    return import_module_by_names(
  File "/usr/local/lib/code-server-4.103.2/lib/vscode/extensions/ms-python.python-2025.12.0/python_files/lib/jedilsp/jedi/inference/imports.py", line 376, in import_module_by_names
    value_set = ValueSet.from_sets([
  File "/usr/local/lib/code-server-4.103.2/lib/vscode/extensions/ms-python.python-2025.12.0/python_files/lib/jedilsp/jedi/inference/imports.py", line 377, in <listcomp>
    import_module(
  File "/usr/local/lib/code-server-4.103.2/lib/vscode/extensions/ms-python.python-2025.12.0/python_files/lib/jedilsp/jedi/plugins/__init__.py", line 21, in wrapper
    return built_functions[public_name](*args, **kwargs)
  File "/usr/local/lib/code-server-4.103.2/lib/vscode/extensions/ms-python.python-2025.12.0/python_files/lib/jedilsp/jedi/plugins/flask.py", line 20, in wrapper
    return callback(inference_state, import_names, module_context, *args, **kwargs)
  File "/usr/local/lib/code-server-4.103.2/lib/vscode/extensions/ms-python.python-2025.12.0/python_files/lib/jedilsp/jedi/inference/gradual/typeshed.py", line 115, in wrapper
    python_value_set = ValueSet.from_sets(
  File "/usr/local/lib/code-server-4.103.2/lib/vscode/extensions/ms-python.python-2025.12.0/python_files/lib/jedilsp/jedi/inference/base_value.py", line 430, in from_sets
    for set_ in sets:
  File "/usr/local/lib/code-server-4.103.2/lib/vscode/extensions/ms-python.python-2025.12.0/python_files/lib/jedilsp/jedi/inference/gradual/typeshed.py", line 116, in <genexpr>
    func(inference_state, import_names, p, sys_path,)
  File "/usr/local/lib/code-server-4.103.2/lib/vscode/extensions/ms-python.python-2025.12.0/python_files/lib/jedilsp/jedi/inference/imports.py", line 411, in import_module
    file_io_or_ns, is_pkg = inference_state.compiled_subprocess.get_module_info(
  File "/usr/local/lib/code-server-4.103.2/lib/vscode/extensions/ms-python.python-2025.12.0/python_files/lib/jedilsp/jedi/inference/compiled/subprocess/__init__.py", line 188, in wrapper
    result = self._compiled_subprocess.run(
  File "/usr/local/lib/code-server-4.103.2/lib/vscode/extensions/ms-python.python-2025.12.0/python_files/lib/jedilsp/jedi/inference/compiled/subprocess/__init__.py", line 293, in run
    self._send(delete_id, None)
  File "/usr/local/lib/code-server-4.103.2/lib/vscode/extensions/ms-python.python-2025.12.0/python_files/lib/jedilsp/jedi/inference/compiled/subprocess/__init__.py", line 318, in _send
    is_exception, traceback, result = pickle_load(self._get_process().stdout)
  File "/usr/local/lib/code-server-4.103.2/lib/vscode/extensions/ms-python.python-2025.12.0/python_files/lib/jedilsp/jedi/_compatibility.py", line 25, in pickle_load
    return Unpickler(file).load()
_pickle.UnpicklingError: invalid load key, ' '.

2026-09-09 04:58:49.177 [info] [Error - 4:58:49 AM] Request textDocument/codeAction failed.
2026-09-09 04:58:49.191 [info]   Message: _pickle.UnpicklingError: invalid load key, ' '.
  Code: -32603 
[object Object]
2026-09-09 04:58:50.364 [info] ERROR:pygls.protocol.json_rpc:Failed to handle request 149 textDocument/documentHighlight DocumentHighlightParams(text_document=TextDocumentIdentifier(uri='file:///voc/work/exercises/lesson-1-review-code-like-an-engineer/exercises/concept3-dependency-validation-review/starter/file_processor.py'), position=20:27, work_done_token=None, partial_result_token=None)
Traceback (most recent call last):
  File "/usr/local/lib/code-server-4.103.2/lib/vscode/extensions/ms-python.python-2025.12.0/python_files/lib/jedilsp/pygls/protocol/json_rpc.py", line 266, in _handle_request
    self._execute_request(msg_id, handler, params)
  File "/usr/local/lib/code-server-4.103.2/lib/vscode/extensions/ms-python.python-2025.12.0/python_files/lib/jedilsp/pygls/protocol/json_rpc.py", line 188, in _execute_request
    self._send_response(msg_id, handler(params))
  File "/usr/local/lib/code-server-4.103.2/lib/vscode/extensions/ms-python.python-2025.12.0/python_files/lib/jedilsp/jedi_language_server/server.py", line 466, in highlight
    names = jedi_script.get_references(*jedi_lines, scope="file")
  File "/usr/local/lib/code-server-4.103.2/lib/vscode/extensions/ms-python.python-2025.12.0/python_files/lib/jedilsp/jedi/api/helpers.py", line 487, in wrapper
    return func(self, line, column, *args, **kwargs)
  File "/usr/local/lib/code-server-4.103.2/lib/vscode/extensions/ms-python.python-2025.12.0/python_files/lib/jedilsp/jedi/api/__init__.py", line 429, in get_references
    return _references(**kwargs)
  File "/usr/local/lib/code-server-4.103.2/lib/vscode/extensions/ms-python.python-2025.12.0/python_files/lib/jedilsp/jedi/api/__init__.py", line 423, in _references
    names = find_references(self._get_module_context(), tree_name, scope == 'file')
  File "/usr/local/lib/code-server-4.103.2/lib/vscode/extensions/ms-python.python-2025.12.0/python_files/lib/jedilsp/jedi/inference/references.py", line 122, in find_references
    found_names = _find_defining_names(module_context, tree_name)
  File "/usr/local/lib/code-server-4.103.2/lib/vscode/extensions/ms-python.python-2025.12.0/python_files/lib/jedilsp/jedi/inference/references.py", line 53, in _find_defining_names
    found_names = _find_names(module_context, tree_name)
  File "/usr/local/lib/code-server-4.103.2/lib/vscode/extensions/ms-python.python-2025.12.0/python_files/lib/jedilsp/jedi/inference/references.py", line 74, in _find_names
    found_names = set(name.goto())
  File "/usr/local/lib/code-server-4.103.2/lib/vscode/extensions/ms-python.python-2025.12.0/python_files/lib/jedilsp/jedi/inference/names.py", line 157, in goto
    module_names = goto_import(context, name)
  File "/usr/local/lib/code-server-4.103.2/lib/vscode/extensions/ms-python.python-2025.12.0/python_files/lib/jedilsp/jedi/inference/cache.py", line 44, in wrapper
    rv = function(obj, *args, **kwargs)
  File "/usr/local/lib/code-server-4.103.2/lib/vscode/extensions/ms-python.python-2025.12.0/python_files/lib/jedilsp/jedi/inference/imports.py", line 75, in goto_import
    _prepare_infer_import(module_context, tree_name)
  File "/usr/local/lib/code-server-4.103.2/lib/vscode/extensions/ms-python.python-2025.12.0/python_files/lib/jedilsp/jedi/inference/imports.py", line 116, in _prepare_infer_import
    return from_import_name, tuple(import_path), import_node.level, importer.follow()
  File "/usr/local/lib/code-server-4.103.2/lib/vscode/extensions/ms-python.python-2025.12.0/python_files/lib/jedilsp/jedi/inference/imports.py", line 296, in follow
    return import_module_by_names(
  File "/usr/local/lib/code-server-4.103.2/lib/vscode/extensions/ms-python.python-2025.12.0/python_files/lib/jedilsp/jedi/inference/imports.py", line 376, in import_module_by_names
    value_set = ValueSet.from_sets([
  File "/usr/local/lib/code-server-4.103.2/lib/vscode/extensions/ms-python.python-2025.12.0/python_files/lib/jedilsp/jedi/inference/imports.py", line 377, in <listcomp>
    import_module(
  File "/usr/local/lib/code-server-4.103.2/lib/vscode/extensions/ms-python.python-2025.12.0/python_files/lib/jedilsp/jedi/plugins/__init__.py", line 21, in wrapper
    return built_functions[public_name](*args, **kwargs)
  File "/usr/local/lib/code-server-4.103.2/lib/vscode/extensions/ms-python.python-2025.12.0/python_files/lib/jedilsp/jedi/plugins/flask.py", line 20, in wrapper
    return callback(inference_state, import_names, module_context, *args, **kwargs)
  File "/usr/local/lib/code-server-4.103.2/lib/vscode/extensions/ms-python.python-2025.12.0/python_files/lib/jedilsp/jedi/inference/gradual/typeshed.py", line 115, in wrapper
    python_value_set = ValueSet.from_sets(
  File "/usr/local/lib/code-server-4.103.2/lib/vscode/extensions/ms-python.python-2025.12.0/python_files/lib/jedilsp/jedi/inference/base_value.py", line 430, in from_sets
    for set_ in sets:
  File "/usr/local/lib/code-server-4.103.2/lib/vscode/extensions/ms-python.python-2025.12.0/python_files/lib/jedilsp/jedi/inference/gradual/typeshed.py", line 116, in <genexpr>
    func(inference_state, import_names, p, sys_path,)
  File "/usr/local/lib/code-server-4.103.2/lib/vscode/extensions/ms-python.python-2025.12.0/python_files/lib/jedilsp/jedi/inference/imports.py", line 411, in import_module
    file_io_or_ns, is_pkg = inference_state.compiled_subprocess.get_module_info(
  File "/usr/local/lib/code-server-4.103.2/lib/vscode/extensions/ms-python.python-2025.12.0/python_files/lib/jedilsp/jedi/inference/compiled/subprocess/__init__.py", line 188, in wrapper
    result = self._compiled_subprocess.run(
  File "/usr/local/lib/code-server-4.103.2/lib/vscode/extensions/ms-python.python-2025.12.0/python_files/lib/jedilsp/jedi/inference/compiled/subprocess/__init__.py", line 293, in run
    self._send(delete_id, None)
  File "/usr/local/lib/code-server-4.103.2/lib/vscode/extensions/ms-python.python-2025.12.0/python_files/lib/jedilsp/jedi/inference/compiled/subprocess/__init__.py", line 318, in _send
    is_exception, traceback, result = pickle_load(self._get_process().stdout)
  File "/usr/local/lib/code-server-4.103.2/lib/vscode/extensions/ms-python.python-2025.12.0/python_files/lib/jedilsp/jedi/_compatibility.py", line 25, in pickle_load
    return Unpickler(file).load()
_pickle.UnpicklingError: invalid load key, ' '.

2026-09-09 04:58:50.365 [info] [Error - 4:58:50 AM] Request textDocument/documentHighlight failed.
2026-09-09 04:58:50.372 [info]   Message: _pickle.UnpicklingError: invalid load key, ' '.
  Code: -32603 
[object Object]
2026-09-09 04:58:50.593 [info] ERROR:pygls.protocol.json_rpc:Failed to handle request 150 textDocument/codeAction CodeActionParams(text_document=TextDocumentIdentifier(uri='file:///voc/work/exercises/lesson-1-review-code-like-an-engineer/exercises/concept3-dependency-validation-review/starter/file_processor.py'), range=20:27-20:40, context=CodeActionContext(diagnostics=[], only=None, trigger_kind=<CodeActionTriggerKind.Automatic: 2>), work_done_token=None, partial_result_token=None)
Traceback (most recent call last):
  File "/usr/local/lib/code-server-4.103.2/lib/vscode/extensions/ms-python.python-2025.12.0/python_files/lib/jedilsp/pygls/protocol/json_rpc.py", line 266, in _handle_request
    self._execute_request(msg_id, handler, params)
  File "/usr/local/lib/code-server-4.103.2/lib/vscode/extensions/ms-python.python-2025.12.0/python_files/lib/jedilsp/pygls/protocol/json_rpc.py", line 188, in _execute_request
    self._send_response(msg_id, handler(params))
  File "/usr/local/lib/code-server-4.103.2/lib/vscode/extensions/ms-python.python-2025.12.0/python_files/lib/jedilsp/jedi_language_server/notebook_utils.py", line 373, in wrapped
    result = f(notebook_server, notebook_params)
  File "/usr/local/lib/code-server-4.103.2/lib/vscode/extensions/ms-python.python-2025.12.0/python_files/lib/jedilsp/jedi_language_server/server.py", line 671, in code_action
    inline_refactoring = jedi_script.inline(*jedi_lines)
  File "/usr/local/lib/code-server-4.103.2/lib/vscode/extensions/ms-python.python-2025.12.0/python_files/lib/jedilsp/jedi/api/__init__.py", line 697, in inline
    names = [d._name for d in self.get_references(line, column, include_builtins=True)]
  File "/usr/local/lib/code-server-4.103.2/lib/vscode/extensions/ms-python.python-2025.12.0/python_files/lib/jedilsp/jedi/api/helpers.py", line 487, in wrapper
    return func(self, line, column, *args, **kwargs)
  File "/usr/local/lib/code-server-4.103.2/lib/vscode/extensions/ms-python.python-2025.12.0/python_files/lib/jedilsp/jedi/api/__init__.py", line 429, in get_references
    return _references(**kwargs)
  File "/usr/local/lib/code-server-4.103.2/lib/vscode/extensions/ms-python.python-2025.12.0/python_files/lib/jedilsp/jedi/api/__init__.py", line 423, in _references
    names = find_references(self._get_module_context(), tree_name, scope == 'file')
  File "/usr/local/lib/code-server-4.103.2/lib/vscode/extensions/ms-python.python-2025.12.0/python_files/lib/jedilsp/jedi/inference/references.py", line 122, in find_references
    found_names = _find_defining_names(module_context, tree_name)
  File "/usr/local/lib/code-server-4.103.2/lib/vscode/extensions/ms-python.python-2025.12.0/python_files/lib/jedilsp/jedi/inference/references.py", line 53, in _find_defining_names
    found_names = _find_names(module_context, tree_name)
  File "/usr/local/lib/code-server-4.103.2/lib/vscode/extensions/ms-python.python-2025.12.0/python_files/lib/jedilsp/jedi/inference/references.py", line 74, in _find_names
    found_names = set(name.goto())
  File "/usr/local/lib/code-server-4.103.2/lib/vscode/extensions/ms-python.python-2025.12.0/python_files/lib/jedilsp/jedi/inference/names.py", line 157, in goto
    module_names = goto_import(context, name)
  File "/usr/local/lib/code-server-4.103.2/lib/vscode/extensions/ms-python.python-2025.12.0/python_files/lib/jedilsp/jedi/inference/cache.py", line 44, in wrapper
    rv = function(obj, *args, **kwargs)
  File "/usr/local/lib/code-server-4.103.2/lib/vscode/extensions/ms-python.python-2025.12.0/python_files/lib/jedilsp/jedi/inference/imports.py", line 75, in goto_import
    _prepare_infer_import(module_context, tree_name)
  File "/usr/local/lib/code-server-4.103.2/lib/vscode/extensions/ms-python.python-2025.12.0/python_files/lib/jedilsp/jedi/inference/imports.py", line 116, in _prepare_infer_import
    return from_import_name, tuple(import_path), import_node.level, importer.follow()
  File "/usr/local/lib/code-server-4.103.2/lib/vscode/extensions/ms-python.python-2025.12.0/python_files/lib/jedilsp/jedi/inference/imports.py", line 296, in follow
    return import_module_by_names(
  File "/usr/local/lib/code-server-4.103.2/lib/vscode/extensions/ms-python.python-2025.12.0/python_files/lib/jedilsp/jedi/inference/imports.py", line 376, in import_module_by_names
    value_set = ValueSet.from_sets([
  File "/usr/local/lib/code-server-4.103.2/lib/vscode/extensions/ms-python.python-2025.12.0/python_files/lib/jedilsp/jedi/inference/imports.py", line 377, in <listcomp>
    import_module(
  File "/usr/local/lib/code-server-4.103.2/lib/vscode/extensions/ms-python.python-2025.12.0/python_files/lib/jedilsp/jedi/plugins/__init__.py", line 21, in wrapper
    return built_functions[public_name](*args, **kwargs)
  File "/usr/local/lib/code-server-4.103.2/lib/vscode/extensions/ms-python.python-2025.12.0/python_files/lib/jedilsp/jedi/plugins/flask.py", line 20, in wrapper
    return callback(inference_state, import_names, module_context, *args, **kwargs)
  File "/usr/local/lib/code-server-4.103.2/lib/vscode/extensions/ms-python.python-2025.12.0/python_files/lib/jedilsp/jedi/inference/gradual/typeshed.py", line 115, in wrapper
    python_value_set = ValueSet.from_sets(
  File "/usr/local/lib/code-server-4.103.2/lib/vscode/extensions/ms-python.python-2025.12.0/python_files/lib/jedilsp/jedi/inference/base_value.py", line 430, in from_sets
    for set_ in sets:
  File "/usr/local/lib/code-server-4.103.2/lib/vscode/extensions/ms-python.python-2025.12.0/python_files/lib/jedilsp/jedi/inference/gradual/typeshed.py", line 116, in <genexpr>
    func(inference_state, import_names, p, sys_path,)
  File "/usr/local/lib/code-server-4.103.2/lib/vscode/extensions/ms-python.python-2025.12.0/python_files/lib/jedilsp/jedi/inference/imports.py", line 411, in import_module
    file_io_or_ns, is_pkg = inference_state.compiled_subprocess.get_module_info(
  File "/usr/local/lib/code-server-4.103.2/lib/vscode/extensions/ms-python.python-2025.12.0/python_files/lib/jedilsp/jedi/inference/compiled/subprocess/__init__.py", line 188, in wrapper
    result = self._compiled_subprocess.run(
  File "/usr/local/lib/code-server-4.103.2/lib/vscode/extensions/ms-python.python-2025.12.0/python_files/lib/jedilsp/jedi/inference/compiled/subprocess/__init__.py", line 293, in run
    self._send(delete_id, None)
  File "/usr/local/lib/code-server-4.103.2/lib/vscode/extensions/ms-python.python-2025.12.0/python_files/lib/jedilsp/jedi/inference/compiled/subprocess/__init__.py", line 318, in _send
    is_exception, traceback, result = pickle_load(self._get_process().stdout)
  File "/usr/local/lib/code-server-4.103.2/lib/vscode/extensions/ms-python.python-2025.12.0/python_files/lib/jedilsp/jedi/_compatibility.py", line 25, in pickle_load
    return Unpickler(file).load()
_pickle.UnpicklingError: invalid load key, ' '.

2026-09-09 04:58:50.594 [info] [Error - 4:58:50 AM] Request textDocument/codeAction failed.
2026-09-09 04:58:50.603 [info]   Message: _pickle.UnpicklingError: invalid load key, ' '.
  Code: -32603 
[object Object]
2026-09-09 04:58:51.356 [info] ERROR:pygls.protocol.json_rpc:Failed to handle request 151 textDocument/hover HoverParams(text_document=TextDocumentIdentifier(uri='file:///voc/work/exercises/lesson-1-review-code-like-an-engineer/exercises/concept3-dependency-validation-review/starter/file_processor.py'), position=21:44, work_done_token=None)
Traceback (most recent call last):
  File "/usr/local/lib/code-server-4.103.2/lib/vscode/extensions/ms-python.python-2025.12.0/python_files/lib/jedilsp/pygls/protocol/json_rpc.py", line 266, in _handle_request
    self._execute_request(msg_id, handler, params)
  File "/usr/local/lib/code-server-4.103.2/lib/vscode/extensions/ms-python.python-2025.12.0/python_files/lib/jedilsp/pygls/protocol/json_rpc.py", line 188, in _execute_request
    self._send_response(msg_id, handler(params))
  File "/usr/local/lib/code-server-4.103.2/lib/vscode/extensions/ms-python.python-2025.12.0/python_files/lib/jedilsp/jedi_language_server/notebook_utils.py", line 373, in wrapped
    result = f(notebook_server, notebook_params)
  File "/usr/local/lib/code-server-4.103.2/lib/vscode/extensions/ms-python.python-2025.12.0/python_files/lib/jedilsp/jedi_language_server/server.py", line 487, in hover
    jedi_script.help(*jedi_lines),
  File "/usr/local/lib/code-server-4.103.2/lib/vscode/extensions/ms-python.python-2025.12.0/python_files/lib/jedilsp/jedi/api/helpers.py", line 487, in wrapper
    return func(self, line, column, *args, **kwargs)
  File "/usr/local/lib/code-server-4.103.2/lib/vscode/extensions/ms-python.python-2025.12.0/python_files/lib/jedilsp/jedi/api/__init__.py", line 372, in help
    definitions = self.goto(line, column, follow_imports=True)
  File "/usr/local/lib/code-server-4.103.2/lib/vscode/extensions/ms-python.python-2025.12.0/python_files/lib/jedilsp/jedi/api/helpers.py", line 487, in wrapper
    return func(self, line, column, *args, **kwargs)
  File "/usr/local/lib/code-server-4.103.2/lib/vscode/extensions/ms-python.python-2025.12.0/python_files/lib/jedilsp/jedi/api/__init__.py", line 300, in goto
    names = list(name.goto())
  File "/usr/local/lib/code-server-4.103.2/lib/vscode/extensions/ms-python.python-2025.12.0/python_files/lib/jedilsp/jedi/inference/names.py", line 157, in goto
    module_names = goto_import(context, name)
  File "/usr/local/lib/code-server-4.103.2/lib/vscode/extensions/ms-python.python-2025.12.0/python_files/lib/jedilsp/jedi/inference/cache.py", line 44, in wrapper
    rv = function(obj, *args, **kwargs)
  File "/usr/local/lib/code-server-4.103.2/lib/vscode/extensions/ms-python.python-2025.12.0/python_files/lib/jedilsp/jedi/inference/imports.py", line 75, in goto_import
    _prepare_infer_import(module_context, tree_name)
  File "/usr/local/lib/code-server-4.103.2/lib/vscode/extensions/ms-python.python-2025.12.0/python_files/lib/jedilsp/jedi/inference/imports.py", line 116, in _prepare_infer_import
    return from_import_name, tuple(import_path), import_node.level, importer.follow()
  File "/usr/local/lib/code-server-4.103.2/lib/vscode/extensions/ms-python.python-2025.12.0/python_files/lib/jedilsp/jedi/inference/imports.py", line 296, in follow
    return import_module_by_names(
  File "/usr/local/lib/code-server-4.103.2/lib/vscode/extensions/ms-python.python-2025.12.0/python_files/lib/jedilsp/jedi/inference/imports.py", line 376, in import_module_by_names
    value_set = ValueSet.from_sets([
  File "/usr/local/lib/code-server-4.103.2/lib/vscode/extensions/ms-python.python-2025.12.0/python_files/lib/jedilsp/jedi/inference/imports.py", line 377, in <listcomp>
    import_module(
  File "/usr/local/lib/code-server-4.103.2/lib/vscode/extensions/ms-python.python-2025.12.0/python_files/lib/jedilsp/jedi/plugins/__init__.py", line 21, in wrapper
    return built_functions[public_name](*args, **kwargs)
  File "/usr/local/lib/code-server-4.103.2/lib/vscode/extensions/ms-python.python-2025.12.0/python_files/lib/jedilsp/jedi/plugins/flask.py", line 20, in wrapper
    return callback(inference_state, import_names, module_context, *args, **kwargs)
  File "/usr/local/lib/code-server-4.103.2/lib/vscode/extensions/ms-python.python-2025.12.0/python_files/lib/jedilsp/jedi/inference/gradual/typeshed.py", line 115, in wrapper
    python_value_set = ValueSet.from_sets(
  File "/usr/local/lib/code-server-4.103.2/lib/vscode/extensions/ms-python.python-2025.12.0/python_files/lib/jedilsp/jedi/inference/base_value.py", line 430, in from_sets
    for set_ in sets:
  File "/usr/local/lib/code-server-4.103.2/lib/vscode/extensions/ms-python.python-2025.12.0/python_files/lib/jedilsp/jedi/inference/gradual/typeshed.py", line 116, in <genexpr>
    func(inference_state, import_names, p, sys_path,)
  File "/usr/local/lib/code-server-4.103.2/lib/vscode/extensions/ms-python.python-2025.12.0/python_files/lib/jedilsp/jedi/inference/imports.py", line 411, in import_module
    file_io_or_ns, is_pkg = inference_state.compiled_subprocess.get_module_info(
  File "/usr/local/lib/code-server-4.103.2/lib/vscode/extensions/ms-python.python-2025.12.0/python_files/lib/jedilsp/jedi/inference/compiled/subprocess/__init__.py", line 188, in wrapper
    result = self._compiled_subprocess.run(
  File "/usr/local/lib/code-server-4.103.2/lib/vscode/extensions/ms-python.python-2025.12.0/python_files/lib/jedilsp/jedi/inference/compiled/subprocess/__init__.py", line 293, in run
    self._send(delete_id, None)
  File "/usr/local/lib/code-server-4.103.2/lib/vscode/extensions/ms-python.python-2025.12.0/python_files/lib/jedilsp/jedi/inference/compiled/subprocess/__init__.py", line 318, in _send
    is_exception, traceback, result = pickle_load(self._get_process().stdout)
  File "/usr/local/lib/code-server-4.103.2/lib/vscode/extensions/ms-python.python-2025.12.0/python_files/lib/jedilsp/jedi/_compatibility.py", line 25, in pickle_load
    return Unpickler(file).load()
_pickle.UnpicklingError: invalid load key, ' '.

2026-09-09 04:58:51.356 [info] [Error - 4:58:51 AM] Request textDocument/hover failed.
2026-09-09 04:58:51.364 [info]   Message: _pickle.UnpicklingError: invalid load key, ' '.
  Code: -32603 
[object Object]
2026-09-09 04:58:51.506 [info] ERROR:pygls.protocol.json_rpc:Failed to handle request 152 textDocument/definition DefinitionParams(text_document=TextDocumentIdentifier(uri='file:///voc/work/exercises/lesson-1-review-code-like-an-engineer/exercises/concept3-dependency-validation-review/starter/file_processor.py'), position=21:44, work_done_token=None, partial_result_token=None)
Traceback (most recent call last):
  File "/usr/local/lib/code-server-4.103.2/lib/vscode/extensions/ms-python.python-2025.12.0/python_files/lib/jedilsp/pygls/protocol/json_rpc.py", line 266, in _handle_request
    self._execute_request(msg_id, handler, params)
  File "/usr/local/lib/code-server-4.103.2/lib/vscode/extensions/ms-python.python-2025.12.0/python_files/lib/jedilsp/pygls/protocol/json_rpc.py", line 188, in _execute_request
    self._send_response(msg_id, handler(params))
  File "/usr/local/lib/code-server-4.103.2/lib/vscode/extensions/ms-python.python-2025.12.0/python_files/lib/jedilsp/jedi_language_server/notebook_utils.py", line 373, in wrapped
    result = f(notebook_server, notebook_params)
  File "/usr/local/lib/code-server-4.103.2/lib/vscode/extensions/ms-python.python-2025.12.0/python_files/lib/jedilsp/jedi_language_server/server.py", line 417, in definition
    names = jedi_script.goto(
  File "/usr/local/lib/code-server-4.103.2/lib/vscode/extensions/ms-python.python-2025.12.0/python_files/lib/jedilsp/jedi/api/helpers.py", line 487, in wrapper
    return func(self, line, column, *args, **kwargs)
  File "/usr/local/lib/code-server-4.103.2/lib/vscode/extensions/ms-python.python-2025.12.0/python_files/lib/jedilsp/jedi/api/__init__.py", line 300, in goto
    names = list(name.goto())
  File "/usr/local/lib/code-server-4.103.2/lib/vscode/extensions/ms-python.python-2025.12.0/python_files/lib/jedilsp/jedi/inference/names.py", line 157, in goto
    module_names = goto_import(context, name)
  File "/usr/local/lib/code-server-4.103.2/lib/vscode/extensions/ms-python.python-2025.12.0/python_files/lib/jedilsp/jedi/inference/cache.py", line 44, in wrapper
    rv = function(obj, *args, **kwargs)
  File "/usr/local/lib/code-server-4.103.2/lib/vscode/extensions/ms-python.python-2025.12.0/python_files/lib/jedilsp/jedi/inference/imports.py", line 75, in goto_import
    _prepare_infer_import(module_context, tree_name)
  File "/usr/local/lib/code-server-4.103.2/lib/vscode/extensions/ms-python.python-2025.12.0/python_files/lib/jedilsp/jedi/inference/imports.py", line 116, in _prepare_infer_import
    return from_import_name, tuple(import_path), import_node.level, importer.follow()
  File "/usr/local/lib/code-server-4.103.2/lib/vscode/extensions/ms-python.python-2025.12.0/python_files/lib/jedilsp/jedi/inference/imports.py", line 296, in follow
    return import_module_by_names(
  File "/usr/local/lib/code-server-4.103.2/lib/vscode/extensions/ms-python.python-2025.12.0/python_files/lib/jedilsp/jedi/inference/imports.py", line 376, in import_module_by_names
    value_set = ValueSet.from_sets([
  File "/usr/local/lib/code-server-4.103.2/lib/vscode/extensions/ms-python.python-2025.12.0/python_files/lib/jedilsp/jedi/inference/imports.py", line 377, in <listcomp>
    import_module(
  File "/usr/local/lib/code-server-4.103.2/lib/vscode/extensions/ms-python.python-2025.12.0/python_files/lib/jedilsp/jedi/plugins/__init__.py", line 21, in wrapper
    return built_functions[public_name](*args, **kwargs)
  File "/usr/local/lib/code-server-4.103.2/lib/vscode/extensions/ms-python.python-2025.12.0/python_files/lib/jedilsp/jedi/plugins/flask.py", line 20, in wrapper
    return callback(inference_state, import_names, module_context, *args, **kwargs)
  File "/usr/local/lib/code-server-4.103.2/lib/vscode/extensions/ms-python.python-2025.12.0/python_files/lib/jedilsp/jedi/inference/gradual/typeshed.py", line 115, in wrapper
    python_value_set = ValueSet.from_sets(
  File "/usr/local/lib/code-server-4.103.2/lib/vscode/extensions/ms-python.python-2025.12.0/python_files/lib/jedilsp/jedi/inference/base_value.py", line 430, in from_sets
    for set_ in sets:
  File "/usr/local/lib/code-server-4.103.2/lib/vscode/extensions/ms-python.python-2025.12.0/python_files/lib/jedilsp/jedi/inference/gradual/typeshed.py", line 116, in <genexpr>
    func(inference_state, import_names, p, sys_path,)
  File "/usr/local/lib/code-server-4.103.2/lib/vscode/extensions/ms-python.python-2025.12.0/python_files/lib/jedilsp/jedi/inference/imports.py", line 411, in import_module
    file_io_or_ns, is_pkg = inference_state.compiled_subprocess.get_module_info(
  File "/usr/local/lib/code-server-4.103.2/lib/vscode/extensions/ms-python.python-2025.12.0/python_files/lib/jedilsp/jedi/inference/compiled/subprocess/__init__.py", line 188, in wrapper
    result = self._compiled_subprocess.run(
  File "/usr/local/lib/code-server-4.103.2/lib/vscode/extensions/ms-python.python-2025.12.0/python_files/lib/jedilsp/jedi/inference/compiled/subprocess/__init__.py", line 293, in run
    self._send(delete_id, None)
  File "/usr/local/lib/code-server-4.103.2/lib/vscode/extensions/ms-python.python-2025.12.0/python_files/lib/jedilsp/jedi/inference/compiled/subprocess/__init__.py", line 318, in _send
    is_exception, traceback, result = pickle_load(self._get_process().stdout)
  File "/usr/local/lib/code-server-4.103.2/lib/vscode/extensions/ms-python.python-2025.12.0/python_files/lib/jedilsp/jedi/_compatibility.py", line 25, in pickle_load
    return Unpickler(file).load()
_pickle.UnpicklingError: invalid load key, ' '.

2026-09-09 04:58:51.507 [info] [Error - 4:58:51 AM] Request textDocument/definition failed.
2026-09-09 04:58:51.514 [info]   Message: _pickle.UnpicklingError: invalid load key, ' '.
  Code: -32603 
[object Object]
2026-09-09 04:59:07.642 [info] ERROR:pygls.protocol.json_rpc:Failed to handle request 154 textDocument/documentHighlight DocumentHighlightParams(text_document=TextDocumentIdentifier(uri='file:///voc/work/exercises/lesson-1-review-code-like-an-engineer/exercises/concept3-dependency-validation-review/starter/file_processor.py'), position=20:27, work_done_token=None, partial_result_token=None)
Traceback (most recent call last):
  File "/usr/local/lib/code-server-4.103.2/lib/vscode/extensions/ms-python.python-2025.12.0/python_files/lib/jedilsp/pygls/protocol/json_rpc.py", line 266, in _handle_request
    self._execute_request(msg_id, handler, params)
  File "/usr/local/lib/code-server-4.103.2/lib/vscode/extensions/ms-python.python-2025.12.0/python_files/lib/jedilsp/pygls/protocol/json_rpc.py", line 188, in _execute_request
    self._send_response(msg_id, handler(params))
  File "/usr/local/lib/code-server-4.103.2/lib/vscode/extensions/ms-python.python-2025.12.0/python_files/lib/jedilsp/jedi_language_server/server.py", line 466, in highlight
    names = jedi_script.get_references(*jedi_lines, scope="file")
  File "/usr/local/lib/code-server-4.103.2/lib/vscode/extensions/ms-python.python-2025.12.0/python_files/lib/jedilsp/jedi/api/helpers.py", line 487, in wrapper
    return func(self, line, column, *args, **kwargs)
  File "/usr/local/lib/code-server-4.103.2/lib/vscode/extensions/ms-python.python-2025.12.0/python_files/lib/jedilsp/jedi/api/__init__.py", line 429, in get_references
    return _references(**kwargs)
  File "/usr/local/lib/code-server-4.103.2/lib/vscode/extensions/ms-python.python-2025.12.0/python_files/lib/jedilsp/jedi/api/__init__.py", line 423, in _references
    names = find_references(self._get_module_context(), tree_name, scope == 'file')
  File "/usr/local/lib/code-server-4.103.2/lib/vscode/extensions/ms-python.python-2025.12.0/python_files/lib/jedilsp/jedi/inference/references.py", line 122, in find_references
    found_names = _find_defining_names(module_context, tree_name)
  File "/usr/local/lib/code-server-4.103.2/lib/vscode/extensions/ms-python.python-2025.12.0/python_files/lib/jedilsp/jedi/inference/references.py", line 53, in _find_defining_names
    found_names = _find_names(module_context, tree_name)
  File "/usr/local/lib/code-server-4.103.2/lib/vscode/extensions/ms-python.python-2025.12.0/python_files/lib/jedilsp/jedi/inference/references.py", line 74, in _find_names
    found_names = set(name.goto())
  File "/usr/local/lib/code-server-4.103.2/lib/vscode/extensions/ms-python.python-2025.12.0/python_files/lib/jedilsp/jedi/inference/names.py", line 157, in goto
    module_names = goto_import(context, name)
  File "/usr/local/lib/code-server-4.103.2/lib/vscode/extensions/ms-python.python-2025.12.0/python_files/lib/jedilsp/jedi/inference/cache.py", line 44, in wrapper
    rv = function(obj, *args, **kwargs)
  File "/usr/local/lib/code-server-4.103.2/lib/vscode/extensions/ms-python.python-2025.12.0/python_files/lib/jedilsp/jedi/inference/imports.py", line 75, in goto_import
    _prepare_infer_import(module_context, tree_name)
  File "/usr/local/lib/code-server-4.103.2/lib/vscode/extensions/ms-python.python-2025.12.0/python_files/lib/jedilsp/jedi/inference/imports.py", line 116, in _prepare_infer_import
    return from_import_name, tuple(import_path), import_node.level, importer.follow()
  File "/usr/local/lib/code-server-4.103.2/lib/vscode/extensions/ms-python.python-2025.12.0/python_files/lib/jedilsp/jedi/inference/imports.py", line 296, in follow
    return import_module_by_names(
  File "/usr/local/lib/code-server-4.103.2/lib/vscode/extensions/ms-python.python-2025.12.0/python_files/lib/jedilsp/jedi/inference/imports.py", line 376, in import_module_by_names
    value_set = ValueSet.from_sets([
  File "/usr/local/lib/code-server-4.103.2/lib/vscode/extensions/ms-python.python-2025.12.0/python_files/lib/jedilsp/jedi/inference/imports.py", line 377, in <listcomp>
    import_module(
  File "/usr/local/lib/code-server-4.103.2/lib/vscode/extensions/ms-python.python-2025.12.0/python_files/lib/jedilsp/jedi/plugins/__init__.py", line 21, in wrapper
    return built_functions[public_name](*args, **kwargs)
  File "/usr/local/lib/code-server-4.103.2/lib/vscode/extensions/ms-python.python-2025.12.0/python_files/lib/jedilsp/jedi/plugins/flask.py", line 20, in wrapper
    return callback(inference_state, import_names, module_context, *args, **kwargs)
  File "/usr/local/lib/code-server-4.103.2/lib/vscode/extensions/ms-python.python-2025.12.0/python_files/lib/jedilsp/jedi/inference/gradual/typeshed.py", line 115, in wrapper
    python_value_set = ValueSet.from_sets(
  File "/usr/local/lib/code-server-4.103.2/lib/vscode/extensions/ms-python.python-2025.12.0/python_files/lib/jedilsp/jedi/inference/base_value.py", line 430, in from_sets
    for set_ in sets:
  File "/usr/local/lib/code-server-4.103.2/lib/vscode/extensions/ms-python.python-2025.12.0/python_files/lib/jedilsp/jedi/inference/gradual/typeshed.py", line 116, in <genexpr>
    func(inference_state, import_names, p, sys_path,)
  File "/usr/local/lib/code-server-4.103.2/lib/vscode/extensions/ms-python.python-2025.12.0/python_files/lib/jedilsp/jedi/inference/imports.py", line 411, in import_module
    file_io_or_ns, is_pkg = inference_state.compiled_subprocess.get_module_info(
  File "/usr/local/lib/code-server-4.103.2/lib/vscode/extensions/ms-python.python-2025.12.0/python_files/lib/jedilsp/jedi/inference/compiled/subprocess/__init__.py", line 188, in wrapper
    result = self._compiled_subprocess.run(
  File "/usr/local/lib/code-server-4.103.2/lib/vscode/extensions/ms-python.python-2025.12.0/python_files/lib/jedilsp/jedi/inference/compiled/subprocess/__init__.py", line 293, in run
    self._send(delete_id, None)
  File "/usr/local/lib/code-server-4.103.2/lib/vscode/extensions/ms-python.python-2025.12.0/python_files/lib/jedilsp/jedi/inference/compiled/subprocess/__init__.py", line 318, in _send
    is_exception, traceback, result = pickle_load(self._get_process().stdout)
  File "/usr/local/lib/code-server-4.103.2/lib/vscode/extensions/ms-python.python-2025.12.0/python_files/lib/jedilsp/jedi/_compatibility.py", line 25, in pickle_load
    return Unpickler(file).load()
_pickle.UnpicklingError: invalid load key, ' '.

2026-09-09 04:59:07.642 [info] [Error - 4:59:07 AM] Request textDocument/documentHighlight failed.
2026-09-09 04:59:07.649 [info]   Message: _pickle.UnpicklingError: invalid load key, ' '.
  Code: -32603 
[object Object]
2026-09-09 04:59:07.816 [info] ERROR:pygls.protocol.json_rpc:Failed to handle request 155 textDocument/codeAction CodeActionParams(text_document=TextDocumentIdentifier(uri='file:///voc/work/exercises/lesson-1-review-code-like-an-engineer/exercises/concept3-dependency-validation-review/starter/file_processor.py'), range=20:27-20:40, context=CodeActionContext(diagnostics=[], only=None, trigger_kind=<CodeActionTriggerKind.Automatic: 2>), work_done_token=None, partial_result_token=None)
Traceback (most recent call last):
  File "/usr/local/lib/code-server-4.103.2/lib/vscode/extensions/ms-python.python-2025.12.0/python_files/lib/jedilsp/pygls/protocol/json_rpc.py", line 266, in _handle_request
    self._execute_request(msg_id, handler, params)
  File "/usr/local/lib/code-server-4.103.2/lib/vscode/extensions/ms-python.python-2025.12.0/python_files/lib/jedilsp/pygls/protocol/json_rpc.py", line 188, in _execute_request
    self._send_response(msg_id, handler(params))
  File "/usr/local/lib/code-server-4.103.2/lib/vscode/extensions/ms-python.python-2025.12.0/python_files/lib/jedilsp/jedi_language_server/notebook_utils.py", line 373, in wrapped
    result = f(notebook_server, notebook_params)
  File "/usr/local/lib/code-server-4.103.2/lib/vscode/extensions/ms-python.python-2025.12.0/python_files/lib/jedilsp/jedi_language_server/server.py", line 671, in code_action
    inline_refactoring = jedi_script.inline(*jedi_lines)
  File "/usr/local/lib/code-server-4.103.2/lib/vscode/extensions/ms-python.python-2025.12.0/python_files/lib/jedilsp/jedi/api/__init__.py", line 697, in inline
    names = [d._name for d in self.get_references(line, column, include_builtins=True)]
  File "/usr/local/lib/code-server-4.103.2/lib/vscode/extensions/ms-python.python-2025.12.0/python_files/lib/jedilsp/jedi/api/helpers.py", line 487, in wrapper
    return func(self, line, column, *args, **kwargs)
  File "/usr/local/lib/code-server-4.103.2/lib/vscode/extensions/ms-python.python-2025.12.0/python_files/lib/jedilsp/jedi/api/__init__.py", line 429, in get_references
    return _references(**kwargs)
  File "/usr/local/lib/code-server-4.103.2/lib/vscode/extensions/ms-python.python-2025.12.0/python_files/lib/jedilsp/jedi/api/__init__.py", line 423, in _references
    names = find_references(self._get_module_context(), tree_name, scope == 'file')
  File "/usr/local/lib/code-server-4.103.2/lib/vscode/extensions/ms-python.python-2025.12.0/python_files/lib/jedilsp/jedi/inference/references.py", line 122, in find_references
    found_names = _find_defining_names(module_context, tree_name)
  File "/usr/local/lib/code-server-4.103.2/lib/vscode/extensions/ms-python.python-2025.12.0/python_files/lib/jedilsp/jedi/inference/references.py", line 53, in _find_defining_names
    found_names = _find_names(module_context, tree_name)
  File "/usr/local/lib/code-server-4.103.2/lib/vscode/extensions/ms-python.python-2025.12.0/python_files/lib/jedilsp/jedi/inference/references.py", line 74, in _find_names
    found_names = set(name.goto())
  File "/usr/local/lib/code-server-4.103.2/lib/vscode/extensions/ms-python.python-2025.12.0/python_files/lib/jedilsp/jedi/inference/names.py", line 157, in goto
    module_names = goto_import(context, name)
  File "/usr/local/lib/code-server-4.103.2/lib/vscode/extensions/ms-python.python-2025.12.0/python_files/lib/jedilsp/jedi/inference/cache.py", line 44, in wrapper
    rv = function(obj, *args, **kwargs)
  File "/usr/local/lib/code-server-4.103.2/lib/vscode/extensions/ms-python.python-2025.12.0/python_files/lib/jedilsp/jedi/inference/imports.py", line 75, in goto_import
    _prepare_infer_import(module_context, tree_name)
  File "/usr/local/lib/code-server-4.103.2/lib/vscode/extensions/ms-python.python-2025.12.0/python_files/lib/jedilsp/jedi/inference/imports.py", line 116, in _prepare_infer_import
    return from_import_name, tuple(import_path), import_node.level, importer.follow()
  File "/usr/local/lib/code-server-4.103.2/lib/vscode/extensions/ms-python.python-2025.12.0/python_files/lib/jedilsp/jedi/inference/imports.py", line 296, in follow
    return import_module_by_names(
  File "/usr/local/lib/code-server-4.103.2/lib/vscode/extensions/ms-python.python-2025.12.0/python_files/lib/jedilsp/jedi/inference/imports.py", line 376, in import_module_by_names
    value_set = ValueSet.from_sets([
  File "/usr/local/lib/code-server-4.103.2/lib/vscode/extensions/ms-python.python-2025.12.0/python_files/lib/jedilsp/jedi/inference/imports.py", line 377, in <listcomp>
    import_module(
  File "/usr/local/lib/code-server-4.103.2/lib/vscode/extensions/ms-python.python-2025.12.0/python_files/lib/jedilsp/jedi/plugins/__init__.py", line 21, in wrapper
    return built_functions[public_name](*args, **kwargs)
  File "/usr/local/lib/code-server-4.103.2/lib/vscode/extensions/ms-python.python-2025.12.0/python_files/lib/jedilsp/jedi/plugins/flask.py", line 20, in wrapper
    return callback(inference_state, import_names, module_context, *args, **kwargs)
  File "/usr/local/lib/code-server-4.103.2/lib/vscode/extensions/ms-python.python-2025.12.0/python_files/lib/jedilsp/jedi/inference/gradual/typeshed.py", line 115, in wrapper
    python_value_set = ValueSet.from_sets(
  File "/usr/local/lib/code-server-4.103.2/lib/vscode/extensions/ms-python.python-2025.12.0/python_files/lib/jedilsp/jedi/inference/base_value.py", line 430, in from_sets
    for set_ in sets:
  File "/usr/local/lib/code-server-4.103.2/lib/vscode/extensions/ms-python.python-2025.12.0/python_files/lib/jedilsp/jedi/inference/gradual/typeshed.py", line 116, in <genexpr>
    func(inference_state, import_names, p, sys_path,)
  File "/usr/local/lib/code-server-4.103.2/lib/vscode/extensions/ms-python.python-2025.12.0/python_files/lib/jedilsp/jedi/inference/imports.py", line 411, in import_module
    file_io_or_ns, is_pkg = inference_state.compiled_subprocess.get_module_info(
  File "/usr/local/lib/code-server-4.103.2/lib/vscode/extensions/ms-python.python-2025.12.0/python_files/lib/jedilsp/jedi/inference/compiled/subprocess/__init__.py", line 188, in wrapper
    result = self._compiled_subprocess.run(
  File "/usr/local/lib/code-server-4.103.2/lib/vscode/extensions/ms-python.python-2025.12.0/python_files/lib/jedilsp/jedi/inference/compiled/subprocess/__init__.py", line 293, in run
    self._send(delete_id, None)
  File "/usr/local/lib/code-server-4.103.2/lib/vscode/extensions/ms-python.python-2025.12.0/python_files/lib/jedilsp/jedi/inference/compiled/subprocess/__init__.py", line 318, in _send
    is_exception, traceback, result = pickle_load(self._get_process().stdout)
  File "/usr/local/lib/code-server-4.103.2/lib/vscode/extensions/ms-python.python-2025.12.0/python_files/lib/jedilsp/jedi/_compatibility.py", line 25, in pickle_load
    return Unpickler(file).load()
_pickle.UnpicklingError: invalid load key, ' '.

2026-09-09 04:59:07.816 [info] [Error - 4:59:07 AM] Request textDocument/codeAction failed.
2026-09-09 04:59:07.827 [info]   Message: _pickle.UnpicklingError: invalid load key, ' '.
  Code: -32603 
[object Object]
2026-09-09 04:59:07.918 [info] ERROR:pygls.protocol.json_rpc:Failed to handle request 156 textDocument/documentSymbol DocumentSymbolParams(text_document=TextDocumentIdentifier(uri='file:///voc/work/exercises/lesson-1-review-code-like-an-engineer/exercises/concept3-dependency-validation-review/starter/file_processor.py'), work_done_token=None, partial_result_token=None)
Traceback (most recent call last):
  File "/usr/local/lib/code-server-4.103.2/lib/vscode/extensions/ms-python.python-2025.12.0/python_files/lib/jedilsp/pygls/protocol/json_rpc.py", line 266, in _handle_request
    self._execute_request(msg_id, handler, params)
  File "/usr/local/lib/code-server-4.103.2/lib/vscode/extensions/ms-python.python-2025.12.0/python_files/lib/jedilsp/pygls/protocol/json_rpc.py", line 188, in _execute_request
    self._send_response(msg_id, handler(params))
  File "/usr/local/lib/code-server-4.103.2/lib/vscode/extensions/ms-python.python-2025.12.0/python_files/lib/jedilsp/jedi_language_server/server.py", line 546, in document_symbol
    document_symbols = jedi_utils.lsp_document_symbols(names)
  File "/usr/local/lib/code-server-4.103.2/lib/vscode/extensions/ms-python.python-2025.12.0/python_files/lib/jedilsp/jedi_language_server/jedi_utils.py", line 225, in lsp_document_symbols
    symbol_range = _document_symbol_range(name)
  File "/usr/local/lib/code-server-4.103.2/lib/vscode/extensions/ms-python.python-2025.12.0/python_files/lib/jedilsp/jedi_language_server/jedi_utils.py", line 204, in _document_symbol_range
    end = name.get_definition_end_position()
  File "/usr/local/lib/code-server-4.103.2/lib/vscode/extensions/ms-python.python-2025.12.0/python_files/lib/jedilsp/jedi/api/classes.py", line 260, in get_definition_end_position
    if self.type in ("function", "class"):
  File "/usr/local/lib/code-server-4.103.2/lib/vscode/extensions/ms-python.python-2025.12.0/python_files/lib/jedilsp/jedi/api/classes.py", line 190, in type
    for value in self._name.infer():
  File "/usr/local/lib/code-server-4.103.2/lib/vscode/extensions/ms-python.python-2025.12.0/python_files/lib/jedilsp/jedi/inference/names.py", line 281, in infer
    return tree_name_to_values(
  File "/usr/local/lib/code-server-4.103.2/lib/vscode/extensions/ms-python.python-2025.12.0/python_files/lib/jedilsp/jedi/plugins/__init__.py", line 21, in wrapper
    return built_functions[public_name](*args, **kwargs)
  File "/usr/local/lib/code-server-4.103.2/lib/vscode/extensions/ms-python.python-2025.12.0/python_files/lib/jedilsp/jedi/plugins/stdlib.py", line 878, in wrapper
    return func(inference_state, context, tree_name)
  File "/usr/local/lib/code-server-4.103.2/lib/vscode/extensions/ms-python.python-2025.12.0/python_files/lib/jedilsp/jedi/plugins/django.py", line 177, in wrapper
    result = func(inference_state, context, tree_name)
  File "/usr/local/lib/code-server-4.103.2/lib/vscode/extensions/ms-python.python-2025.12.0/python_files/lib/jedilsp/jedi/inference/syntax_tree.py", line 771, in tree_name_to_values
    types = imports.infer_import(context, tree_name)
  File "/usr/local/lib/code-server-4.103.2/lib/vscode/extensions/ms-python.python-2025.12.0/python_files/lib/jedilsp/jedi/inference/cache.py", line 44, in wrapper
    rv = function(obj, *args, **kwargs)
  File "/usr/local/lib/code-server-4.103.2/lib/vscode/extensions/ms-python.python-2025.12.0/python_files/lib/jedilsp/jedi/inference/imports.py", line 53, in infer_import
    _prepare_infer_import(module_context, tree_name)
  File "/usr/local/lib/code-server-4.103.2/lib/vscode/extensions/ms-python.python-2025.12.0/python_files/lib/jedilsp/jedi/inference/imports.py", line 116, in _prepare_infer_import
    return from_import_name, tuple(import_path), import_node.level, importer.follow()
  File "/usr/local/lib/code-server-4.103.2/lib/vscode/extensions/ms-python.python-2025.12.0/python_files/lib/jedilsp/jedi/inference/imports.py", line 296, in follow
    return import_module_by_names(
  File "/usr/local/lib/code-server-4.103.2/lib/vscode/extensions/ms-python.python-2025.12.0/python_files/lib/jedilsp/jedi/inference/imports.py", line 376, in import_module_by_names
    value_set = ValueSet.from_sets([
  File "/usr/local/lib/code-server-4.103.2/lib/vscode/extensions/ms-python.python-2025.12.0/python_files/lib/jedilsp/jedi/inference/imports.py", line 377, in <listcomp>
    import_module(
  File "/usr/local/lib/code-server-4.103.2/lib/vscode/extensions/ms-python.python-2025.12.0/python_files/lib/jedilsp/jedi/plugins/__init__.py", line 21, in wrapper
    return built_functions[public_name](*args, **kwargs)
  File "/usr/local/lib/code-server-4.103.2/lib/vscode/extensions/ms-python.python-2025.12.0/python_files/lib/jedilsp/jedi/plugins/flask.py", line 20, in wrapper
    return callback(inference_state, import_names, module_context, *args, **kwargs)
  File "/usr/local/lib/code-server-4.103.2/lib/vscode/extensions/ms-python.python-2025.12.0/python_files/lib/jedilsp/jedi/inference/gradual/typeshed.py", line 115, in wrapper
    python_value_set = ValueSet.from_sets(
  File "/usr/local/lib/code-server-4.103.2/lib/vscode/extensions/ms-python.python-2025.12.0/python_files/lib/jedilsp/jedi/inference/base_value.py", line 430, in from_sets
    for set_ in sets:
  File "/usr/local/lib/code-server-4.103.2/lib/vscode/extensions/ms-python.python-2025.12.0/python_files/lib/jedilsp/jedi/inference/gradual/typeshed.py", line 116, in <genexpr>
    func(inference_state, import_names, p, sys_path,)
  File "/usr/local/lib/code-server-4.103.2/lib/vscode/extensions/ms-python.python-2025.12.0/python_files/lib/jedilsp/jedi/inference/imports.py", line 411, in import_module
    file_io_or_ns, is_pkg = inference_state.compiled_subprocess.get_module_info(
  File "/usr/local/lib/code-server-4.103.2/lib/vscode/extensions/ms-python.python-2025.12.0/python_files/lib/jedilsp/jedi/inference/compiled/subprocess/__init__.py", line 188, in wrapper
    result = self._compiled_subprocess.run(
  File "/usr/local/lib/code-server-4.103.2/lib/vscode/extensions/ms-python.python-2025.12.0/python_files/lib/jedilsp/jedi/inference/compiled/subprocess/__init__.py", line 293, in run
    self._send(delete_id, None)
  File "/usr/local/lib/code-server-4.103.2/lib/vscode/extensions/ms-python.python-2025.12.0/python_files/lib/jedilsp/jedi/inference/compiled/subprocess/__init__.py", line 318, in _send
    is_exception, traceback, result = pickle_load(self._get_process().stdout)
  File "/usr/local/lib/code-server-4.103.2/lib/vscode/extensions/ms-python.python-2025.12.0/python_files/lib/jedilsp/jedi/_compatibility.py", line 25, in pickle_load
    return Unpickler(file).load()
_pickle.UnpicklingError: invalid load key, ' '.

2026-09-09 04:59:07.918 [info] [Error - 4:59:07 AM] Request textDocument/documentSymbol failed.
2026-09-09 04:59:07.925 [info]   Message: _pickle.UnpicklingError: invalid load key, ' '.
  Code: -32603 
[object Object]
2026-09-09 04:59:09.189 [info] ERROR:pygls.protocol.json_rpc:Failed to handle request 157 textDocument/documentHighlight DocumentHighlightParams(text_document=TextDocumentIdentifier(uri='file:///voc/work/exercises/lesson-1-review-code-like-an-engineer/exercises/concept3-dependency-validation-review/starter/file_processor.py'), position=21:48, work_done_token=None, partial_result_token=None)
Traceback (most recent call last):
  File "/usr/local/lib/code-server-4.103.2/lib/vscode/extensions/ms-python.python-2025.12.0/python_files/lib/jedilsp/pygls/protocol/json_rpc.py", line 266, in _handle_request
    self._execute_request(msg_id, handler, params)
  File "/usr/local/lib/code-server-4.103.2/lib/vscode/extensions/ms-python.python-2025.12.0/python_files/lib/jedilsp/pygls/protocol/json_rpc.py", line 188, in _execute_request
    self._send_response(msg_id, handler(params))
  File "/usr/local/lib/code-server-4.103.2/lib/vscode/extensions/ms-python.python-2025.12.0/python_files/lib/jedilsp/jedi_language_server/server.py", line 466, in highlight
    names = jedi_script.get_references(*jedi_lines, scope="file")
  File "/usr/local/lib/code-server-4.103.2/lib/vscode/extensions/ms-python.python-2025.12.0/python_files/lib/jedilsp/jedi/api/helpers.py", line 487, in wrapper
    return func(self, line, column, *args, **kwargs)
  File "/usr/local/lib/code-server-4.103.2/lib/vscode/extensions/ms-python.python-2025.12.0/python_files/lib/jedilsp/jedi/api/__init__.py", line 429, in get_references
    return _references(**kwargs)
  File "/usr/local/lib/code-server-4.103.2/lib/vscode/extensions/ms-python.python-2025.12.0/python_files/lib/jedilsp/jedi/api/__init__.py", line 423, in _references
    names = find_references(self._get_module_context(), tree_name, scope == 'file')
  File "/usr/local/lib/code-server-4.103.2/lib/vscode/extensions/ms-python.python-2025.12.0/python_files/lib/jedilsp/jedi/inference/references.py", line 122, in find_references
    found_names = _find_defining_names(module_context, tree_name)
  File "/usr/local/lib/code-server-4.103.2/lib/vscode/extensions/ms-python.python-2025.12.0/python_files/lib/jedilsp/jedi/inference/references.py", line 53, in _find_defining_names
    found_names = _find_names(module_context, tree_name)
  File "/usr/local/lib/code-server-4.103.2/lib/vscode/extensions/ms-python.python-2025.12.0/python_files/lib/jedilsp/jedi/inference/references.py", line 74, in _find_names
    found_names = set(name.goto())
  File "/usr/local/lib/code-server-4.103.2/lib/vscode/extensions/ms-python.python-2025.12.0/python_files/lib/jedilsp/jedi/inference/names.py", line 157, in goto
    module_names = goto_import(context, name)
  File "/usr/local/lib/code-server-4.103.2/lib/vscode/extensions/ms-python.python-2025.12.0/python_files/lib/jedilsp/jedi/inference/cache.py", line 44, in wrapper
    rv = function(obj, *args, **kwargs)
  File "/usr/local/lib/code-server-4.103.2/lib/vscode/extensions/ms-python.python-2025.12.0/python_files/lib/jedilsp/jedi/inference/imports.py", line 75, in goto_import
    _prepare_infer_import(module_context, tree_name)
  File "/usr/local/lib/code-server-4.103.2/lib/vscode/extensions/ms-python.python-2025.12.0/python_files/lib/jedilsp/jedi/inference/imports.py", line 116, in _prepare_infer_import
    return from_import_name, tuple(import_path), import_node.level, importer.follow()
  File "/usr/local/lib/code-server-4.103.2/lib/vscode/extensions/ms-python.python-2025.12.0/python_files/lib/jedilsp/jedi/inference/imports.py", line 296, in follow
    return import_module_by_names(
  File "/usr/local/lib/code-server-4.103.2/lib/vscode/extensions/ms-python.python-2025.12.0/python_files/lib/jedilsp/jedi/inference/imports.py", line 376, in import_module_by_names
    value_set = ValueSet.from_sets([
  File "/usr/local/lib/code-server-4.103.2/lib/vscode/extensions/ms-python.python-2025.12.0/python_files/lib/jedilsp/jedi/inference/imports.py", line 377, in <listcomp>
    import_module(
  File "/usr/local/lib/code-server-4.103.2/lib/vscode/extensions/ms-python.python-2025.12.0/python_files/lib/jedilsp/jedi/plugins/__init__.py", line 21, in wrapper
    return built_functions[public_name](*args, **kwargs)
  File "/usr/local/lib/code-server-4.103.2/lib/vscode/extensions/ms-python.python-2025.12.0/python_files/lib/jedilsp/jedi/plugins/flask.py", line 20, in wrapper
    return callback(inference_state, import_names, module_context, *args, **kwargs)
  File "/usr/local/lib/code-server-4.103.2/lib/vscode/extensions/ms-python.python-2025.12.0/python_files/lib/jedilsp/jedi/inference/gradual/typeshed.py", line 115, in wrapper
    python_value_set = ValueSet.from_sets(
  File "/usr/local/lib/code-server-4.103.2/lib/vscode/extensions/ms-python.python-2025.12.0/python_files/lib/jedilsp/jedi/inference/base_value.py", line 430, in from_sets
    for set_ in sets:
  File "/usr/local/lib/code-server-4.103.2/lib/vscode/extensions/ms-python.python-2025.12.0/python_files/lib/jedilsp/jedi/inference/gradual/typeshed.py", line 116, in <genexpr>
    func(inference_state, import_names, p, sys_path,)
  File "/usr/local/lib/code-server-4.103.2/lib/vscode/extensions/ms-python.python-2025.12.0/python_files/lib/jedilsp/jedi/inference/imports.py", line 411, in import_module
    file_io_or_ns, is_pkg = inference_state.compiled_subprocess.get_module_info(
  File "/usr/local/lib/code-server-4.103.2/lib/vscode/extensions/ms-python.python-2025.12.0/python_files/lib/jedilsp/jedi/inference/compiled/subprocess/__init__.py", line 188, in wrapper
    result = self._compiled_subprocess.run(
  File "/usr/local/lib/code-server-4.103.2/lib/vscode/extensions/ms-python.python-2025.12.0/python_files/lib/jedilsp/jedi/inference/compiled/subprocess/__init__.py", line 293, in run
    self._send(delete_id, None)
  File "/usr/local/lib/code-server-4.103.2/lib/vscode/extensions/ms-python.python-2025.12.0/python_files/lib/jedilsp/jedi/inference/compiled/subprocess/__init__.py", line 318, in _send
    is_exception, traceback, result = pickle_load(self._get_process().stdout)
  File "/usr/local/lib/code-server-4.103.2/lib/vscode/extensions/ms-python.python-2025.12.0/python_files/lib/jedilsp/jedi/_compatibility.py", line 25, in pickle_load
    return Unpickler(file).load()
_pickle.UnpicklingError: invalid load key, ' '.

2026-09-09 04:59:09.189 [info] [Error - 4:59:09 AM] Request textDocument/documentHighlight failed.
2026-09-09 04:59:09.197 [info]   Message: _pickle.UnpicklingError: invalid load key, ' '.
  Code: -32603 
[object Object]
2026-09-09 04:59:09.431 [info] ERROR:pygls.protocol.json_rpc:Failed to handle request 158 textDocument/codeAction CodeActionParams(text_document=TextDocumentIdentifier(uri='file:///voc/work/exercises/lesson-1-review-code-like-an-engineer/exercises/concept3-dependency-validation-review/starter/file_processor.py'), range=21:48-21:48, context=CodeActionContext(diagnostics=[], only=None, trigger_kind=<CodeActionTriggerKind.Automatic: 2>), work_done_token=None, partial_result_token=None)
Traceback (most recent call last):
  File "/usr/local/lib/code-server-4.103.2/lib/vscode/extensions/ms-python.python-2025.12.0/python_files/lib/jedilsp/pygls/protocol/json_rpc.py", line 266, in _handle_request
    self._execute_request(msg_id, handler, params)
  File "/usr/local/lib/code-server-4.103.2/lib/vscode/extensions/ms-python.python-2025.12.0/python_files/lib/jedilsp/pygls/protocol/json_rpc.py", line 188, in _execute_request
    self._send_response(msg_id, handler(params))
  File "/usr/local/lib/code-server-4.103.2/lib/vscode/extensions/ms-python.python-2025.12.0/python_files/lib/jedilsp/jedi_language_server/notebook_utils.py", line 373, in wrapped
    result = f(notebook_server, notebook_params)
  File "/usr/local/lib/code-server-4.103.2/lib/vscode/extensions/ms-python.python-2025.12.0/python_files/lib/jedilsp/jedi_language_server/server.py", line 671, in code_action
    inline_refactoring = jedi_script.inline(*jedi_lines)
  File "/usr/local/lib/code-server-4.103.2/lib/vscode/extensions/ms-python.python-2025.12.0/python_files/lib/jedilsp/jedi/api/__init__.py", line 697, in inline
    names = [d._name for d in self.get_references(line, column, include_builtins=True)]
  File "/usr/local/lib/code-server-4.103.2/lib/vscode/extensions/ms-python.python-2025.12.0/python_files/lib/jedilsp/jedi/api/helpers.py", line 487, in wrapper
    return func(self, line, column, *args, **kwargs)
  File "/usr/local/lib/code-server-4.103.2/lib/vscode/extensions/ms-python.python-2025.12.0/python_files/lib/jedilsp/jedi/api/__init__.py", line 429, in get_references
    return _references(**kwargs)
  File "/usr/local/lib/code-server-4.103.2/lib/vscode/extensions/ms-python.python-2025.12.0/python_files/lib/jedilsp/jedi/api/__init__.py", line 423, in _references
    names = find_references(self._get_module_context(), tree_name, scope == 'file')
  File "/usr/local/lib/code-server-4.103.2/lib/vscode/extensions/ms-python.python-2025.12.0/python_files/lib/jedilsp/jedi/inference/references.py", line 122, in find_references
    found_names = _find_defining_names(module_context, tree_name)
  File "/usr/local/lib/code-server-4.103.2/lib/vscode/extensions/ms-python.python-2025.12.0/python_files/lib/jedilsp/jedi/inference/references.py", line 53, in _find_defining_names
    found_names = _find_names(module_context, tree_name)
  File "/usr/local/lib/code-server-4.103.2/lib/vscode/extensions/ms-python.python-2025.12.0/python_files/lib/jedilsp/jedi/inference/references.py", line 74, in _find_names
    found_names = set(name.goto())
  File "/usr/local/lib/code-server-4.103.2/lib/vscode/extensions/ms-python.python-2025.12.0/python_files/lib/jedilsp/jedi/inference/names.py", line 157, in goto
    module_names = goto_import(context, name)
  File "/usr/local/lib/code-server-4.103.2/lib/vscode/extensions/ms-python.python-2025.12.0/python_files/lib/jedilsp/jedi/inference/cache.py", line 44, in wrapper
    rv = function(obj, *args, **kwargs)
  File "/usr/local/lib/code-server-4.103.2/lib/vscode/extensions/ms-python.python-2025.12.0/python_files/lib/jedilsp/jedi/inference/imports.py", line 75, in goto_import
    _prepare_infer_import(module_context, tree_name)
  File "/usr/local/lib/code-server-4.103.2/lib/vscode/extensions/ms-python.python-2025.12.0/python_files/lib/jedilsp/jedi/inference/imports.py", line 116, in _prepare_infer_import
    return from_import_name, tuple(import_path), import_node.level, importer.follow()
  File "/usr/local/lib/code-server-4.103.2/lib/vscode/extensions/ms-python.python-2025.12.0/python_files/lib/jedilsp/jedi/inference/imports.py", line 296, in follow
    return import_module_by_names(
  File "/usr/local/lib/code-server-4.103.2/lib/vscode/extensions/ms-python.python-2025.12.0/python_files/lib/jedilsp/jedi/inference/imports.py", line 376, in import_module_by_names
    value_set = ValueSet.from_sets([
  File "/usr/local/lib/code-server-4.103.2/lib/vscode/extensions/ms-python.python-2025.12.0/python_files/lib/jedilsp/jedi/inference/imports.py", line 377, in <listcomp>
    import_module(
  File "/usr/local/lib/code-server-4.103.2/lib/vscode/extensions/ms-python.python-2025.12.0/python_files/lib/jedilsp/jedi/plugins/__init__.py", line 21, in wrapper
    return built_functions[public_name](*args, **kwargs)
  File "/usr/local/lib/code-server-4.103.2/lib/vscode/extensions/ms-python.python-2025.12.0/python_files/lib/jedilsp/jedi/plugins/flask.py", line 20, in wrapper
    return callback(inference_state, import_names, module_context, *args, **kwargs)
  File "/usr/local/lib/code-server-4.103.2/lib/vscode/extensions/ms-python.python-2025.12.0/python_files/lib/jedilsp/jedi/inference/gradual/typeshed.py", line 115, in wrapper
    python_value_set = ValueSet.from_sets(
  File "/usr/local/lib/code-server-4.103.2/lib/vscode/extensions/ms-python.python-2025.12.0/python_files/lib/jedilsp/jedi/inference/base_value.py", line 430, in from_sets
    for set_ in sets:
  File "/usr/local/lib/code-server-4.103.2/lib/vscode/extensions/ms-python.python-2025.12.0/python_files/lib/jedilsp/jedi/inference/gradual/typeshed.py", line 116, in <genexpr>
    func(inference_state, import_names, p, sys_path,)
  File "/usr/local/lib/code-server-4.103.2/lib/vscode/extensions/ms-python.python-2025.12.0/python_files/lib/jedilsp/jedi/inference/imports.py", line 411, in import_module
    file_io_or_ns, is_pkg = inference_state.compiled_subprocess.get_module_info(
  File "/usr/local/lib/code-server-4.103.2/lib/vscode/extensions/ms-python.python-2025.12.0/python_files/lib/jedilsp/jedi/inference/compiled/subprocess/__init__.py", line 188, in wrapper
    result = self._compiled_subprocess.run(
  File "/usr/local/lib/code-server-4.103.2/lib/vscode/extensions/ms-python.python-2025.12.0/python_files/lib/jedilsp/jedi/inference/compiled/subprocess/__init__.py", line 293, in run
    self._send(delete_id, None)
  File "/usr/local/lib/code-server-4.103.2/lib/vscode/extensions/ms-python.python-2025.12.0/python_files/lib/jedilsp/jedi/inference/compiled/subprocess/__init__.py", line 318, in _send
    is_exception, traceback, result = pickle_load(self._get_process().stdout)
  File "/usr/local/lib/code-server-4.103.2/lib/vscode/extensions/ms-python.python-2025.12.0/python_files/lib/jedilsp/jedi/_compatibility.py", line 25, in pickle_load
    return Unpickler(file).load()
_pickle.UnpicklingError: invalid load key, ' '.

2026-09-09 04:59:09.431 [info] [Error - 4:59:09 AM] Request textDocument/codeAction failed.
2026-09-09 04:59:09.438 [info]   Message: _pickle.UnpicklingError: invalid load key, ' '.
  Code: -32603 
[object Object]
2026-09-09 04:59:09.546 [info] semantic_tokens_full file:///voc/work/exercises/lesson-1-review-code-like-an-engineer/exercises/concept3-dependency-validation-review/starter/file_processor.py 
2026-09-09 04:59:09.550 [info] ERROR:pygls.protocol.json_rpc:Exception occurred for message "159": _pickle.UnpicklingError: invalid load key, ' '.
NoneType: None

2026-09-09 04:59:09.554 [info] [Error - 4:59:09 AM] Request textDocument/semanticTokens/full failed.
2026-09-09 04:59:09.555 [info]   Message: _pickle.UnpicklingError: invalid load key, ' '.
  Code: -32603 
[object Object]
2026-09-09 04:59:10.122 [info] ERROR:pygls.protocol.json_rpc:Failed to handle request 160 textDocument/codeAction CodeActionParams(text_document=TextDocumentIdentifier(uri='file:///voc/work/exercises/lesson-1-review-code-like-an-engineer/exercises/concept3-dependency-validation-review/starter/file_processor.py'), range=21:47-21:48, context=CodeActionContext(diagnostics=[], only=None, trigger_kind=<CodeActionTriggerKind.Automatic: 2>), work_done_token=None, partial_result_token=None)
Traceback (most recent call last):
  File "/usr/local/lib/code-server-4.103.2/lib/vscode/extensions/ms-python.python-2025.12.0/python_files/lib/jedilsp/pygls/protocol/json_rpc.py", line 266, in _handle_request
    self._execute_request(msg_id, handler, params)
  File "/usr/local/lib/code-server-4.103.2/lib/vscode/extensions/ms-python.python-2025.12.0/python_files/lib/jedilsp/pygls/protocol/json_rpc.py", line 188, in _execute_request
    self._send_response(msg_id, handler(params))
  File "/usr/local/lib/code-server-4.103.2/lib/vscode/extensions/ms-python.python-2025.12.0/python_files/lib/jedilsp/jedi_language_server/notebook_utils.py", line 373, in wrapped
    result = f(notebook_server, notebook_params)
  File "/usr/local/lib/code-server-4.103.2/lib/vscode/extensions/ms-python.python-2025.12.0/python_files/lib/jedilsp/jedi_language_server/server.py", line 671, in code_action
    inline_refactoring = jedi_script.inline(*jedi_lines)
  File "/usr/local/lib/code-server-4.103.2/lib/vscode/extensions/ms-python.python-2025.12.0/python_files/lib/jedilsp/jedi/api/__init__.py", line 697, in inline
    names = [d._name for d in self.get_references(line, column, include_builtins=True)]
  File "/usr/local/lib/code-server-4.103.2/lib/vscode/extensions/ms-python.python-2025.12.0/python_files/lib/jedilsp/jedi/api/helpers.py", line 487, in wrapper
    return func(self, line, column, *args, **kwargs)
  File "/usr/local/lib/code-server-4.103.2/lib/vscode/extensions/ms-python.python-2025.12.0/python_files/lib/jedilsp/jedi/api/__init__.py", line 429, in get_references
    return _references(**kwargs)
  File "/usr/local/lib/code-server-4.103.2/lib/vscode/extensions/ms-python.python-2025.12.0/python_files/lib/jedilsp/jedi/api/__init__.py", line 423, in _references
    names = find_references(self._get_module_context(), tree_name, scope == 'file')
  File "/usr/local/lib/code-server-4.103.2/lib/vscode/extensions/ms-python.python-2025.12.0/python_files/lib/jedilsp/jedi/inference/references.py", line 122, in find_references
    found_names = _find_defining_names(module_context, tree_name)
  File "/usr/local/lib/code-server-4.103.2/lib/vscode/extensions/ms-python.python-2025.12.0/python_files/lib/jedilsp/jedi/inference/references.py", line 53, in _find_defining_names
    found_names = _find_names(module_context, tree_name)
  File "/usr/local/lib/code-server-4.103.2/lib/vscode/extensions/ms-python.python-2025.12.0/python_files/lib/jedilsp/jedi/inference/references.py", line 74, in _find_names
    found_names = set(name.goto())
  File "/usr/local/lib/code-server-4.103.2/lib/vscode/extensions/ms-python.python-2025.12.0/python_files/lib/jedilsp/jedi/inference/names.py", line 157, in goto
    module_names = goto_import(context, name)
  File "/usr/local/lib/code-server-4.103.2/lib/vscode/extensions/ms-python.python-2025.12.0/python_files/lib/jedilsp/jedi/inference/cache.py", line 44, in wrapper
    rv = function(obj, *args, **kwargs)
  File "/usr/local/lib/code-server-4.103.2/lib/vscode/extensions/ms-python.python-2025.12.0/python_files/lib/jedilsp/jedi/inference/imports.py", line 75, in goto_import
    _prepare_infer_import(module_context, tree_name)
  File "/usr/local/lib/code-server-4.103.2/lib/vscode/extensions/ms-python.python-2025.12.0/python_files/lib/jedilsp/jedi/inference/imports.py", line 116, in _prepare_infer_import
    return from_import_name, tuple(import_path), import_node.level, importer.follow()
  File "/usr/local/lib/code-server-4.103.2/lib/vscode/extensions/ms-python.python-2025.12.0/python_files/lib/jedilsp/jedi/inference/imports.py", line 296, in follow
    return import_module_by_names(
  File "/usr/local/lib/code-server-4.103.2/lib/vscode/extensions/ms-python.python-2025.12.0/python_files/lib/jedilsp/jedi/inference/imports.py", line 376, in import_module_by_names
    value_set = ValueSet.from_sets([
  File "/usr/local/lib/code-server-4.103.2/lib/vscode/extensions/ms-python.python-2025.12.0/python_files/lib/jedilsp/jedi/inference/imports.py", line 377, in <listcomp>
    import_module(
  File "/usr/local/lib/code-server-4.103.2/lib/vscode/extensions/ms-python.python-2025.12.0/python_files/lib/jedilsp/jedi/plugins/__init__.py", line 21, in wrapper
    return built_functions[public_name](*args, **kwargs)
  File "/usr/local/lib/code-server-4.103.2/lib/vscode/extensions/ms-python.python-2025.12.0/python_files/lib/jedilsp/jedi/plugins/flask.py", line 20, in wrapper
    return callback(inference_state, import_names, module_context, *args, **kwargs)
  File "/usr/local/lib/code-server-4.103.2/lib/vscode/extensions/ms-python.python-2025.12.0/python_files/lib/jedilsp/jedi/inference/gradual/typeshed.py", line 115, in wrapper
    python_value_set = ValueSet.from_sets(
  File "/usr/local/lib/code-server-4.103.2/lib/vscode/extensions/ms-python.python-2025.12.0/python_files/lib/jedilsp/jedi/inference/base_value.py", line 430, in from_sets
    for set_ in sets:
  File "/usr/local/lib/code-server-4.103.2/lib/vscode/extensions/ms-python.python-2025.12.0/python_files/lib/jedilsp/jedi/inference/gradual/typeshed.py", line 116, in <genexpr>
    func(inference_state, import_names, p, sys_path,)
  File "/usr/local/lib/code-server-4.103.2/lib/vscode/extensions/ms-python.python-2025.12.0/python_files/lib/jedilsp/jedi/inference/imports.py", line 411, in import_module
    file_io_or_ns, is_pkg = inference_state.compiled_subprocess.get_module_info(
  File "/usr/local/lib/code-server-4.103.2/lib/vscode/extensions/ms-python.python-2025.12.0/python_files/lib/jedilsp/jedi/inference/compiled/subprocess/__init__.py", line 188, in wrapper
    result = self._compiled_subprocess.run(
  File "/usr/local/lib/code-server-4.103.2/lib/vscode/extensions/ms-python.python-2025.12.0/python_files/lib/jedilsp/jedi/inference/compiled/subprocess/__init__.py", line 293, in run
    self._send(delete_id, None)
  File "/usr/local/lib/code-server-4.103.2/lib/vscode/extensions/ms-python.python-2025.12.0/python_files/lib/jedilsp/jedi/inference/compiled/subprocess/__init__.py", line 318, in _send
    is_exception, traceback, result = pickle_load(self._get_process().stdout)
  File "/usr/local/lib/code-server-4.103.2/lib/vscode/extensions/ms-python.python-2025.12.0/python_files/lib/jedilsp/jedi/_compatibility.py", line 25, in pickle_load
    return Unpickler(file).load()
_pickle.UnpicklingError: invalid load key, ' '.

2026-09-09 04:59:10.123 [info] [Error - 4:59:10 AM] Request textDocument/codeAction failed.
2026-09-09 04:59:10.138 [info]   Message: _pickle.UnpicklingError: invalid load key, ' '.
  Code: -32603 
[object Object]
2026-09-09 04:59:10.991 [info] ERROR:pygls.protocol.json_rpc:Failed to handle request 161 textDocument/codeAction CodeActionParams(text_document=TextDocumentIdentifier(uri='file:///voc/work/exercises/lesson-1-review-code-like-an-engineer/exercises/concept3-dependency-validation-review/starter/file_processor.py'), range=21:34-21:48, context=CodeActionContext(diagnostics=[], only=None, trigger_kind=<CodeActionTriggerKind.Automatic: 2>), work_done_token=None, partial_result_token=None)
Traceback (most recent call last):
  File "/usr/local/lib/code-server-4.103.2/lib/vscode/extensions/ms-python.python-2025.12.0/python_files/lib/jedilsp/pygls/protocol/json_rpc.py", line 266, in _handle_request
    self._execute_request(msg_id, handler, params)
  File "/usr/local/lib/code-server-4.103.2/lib/vscode/extensions/ms-python.python-2025.12.0/python_files/lib/jedilsp/pygls/protocol/json_rpc.py", line 188, in _execute_request
    self._send_response(msg_id, handler(params))
  File "/usr/local/lib/code-server-4.103.2/lib/vscode/extensions/ms-python.python-2025.12.0/python_files/lib/jedilsp/jedi_language_server/notebook_utils.py", line 373, in wrapped
    result = f(notebook_server, notebook_params)
  File "/usr/local/lib/code-server-4.103.2/lib/vscode/extensions/ms-python.python-2025.12.0/python_files/lib/jedilsp/jedi_language_server/server.py", line 671, in code_action
    inline_refactoring = jedi_script.inline(*jedi_lines)
  File "/usr/local/lib/code-server-4.103.2/lib/vscode/extensions/ms-python.python-2025.12.0/python_files/lib/jedilsp/jedi/api/__init__.py", line 697, in inline
    names = [d._name for d in self.get_references(line, column, include_builtins=True)]
  File "/usr/local/lib/code-server-4.103.2/lib/vscode/extensions/ms-python.python-2025.12.0/python_files/lib/jedilsp/jedi/api/helpers.py", line 487, in wrapper
    return func(self, line, column, *args, **kwargs)
  File "/usr/local/lib/code-server-4.103.2/lib/vscode/extensions/ms-python.python-2025.12.0/python_files/lib/jedilsp/jedi/api/__init__.py", line 429, in get_references
    return _references(**kwargs)
  File "/usr/local/lib/code-server-4.103.2/lib/vscode/extensions/ms-python.python-2025.12.0/python_files/lib/jedilsp/jedi/api/__init__.py", line 423, in _references
    names = find_references(self._get_module_context(), tree_name, scope == 'file')
  File "/usr/local/lib/code-server-4.103.2/lib/vscode/extensions/ms-python.python-2025.12.0/python_files/lib/jedilsp/jedi/inference/references.py", line 122, in find_references
    found_names = _find_defining_names(module_context, tree_name)
  File "/usr/local/lib/code-server-4.103.2/lib/vscode/extensions/ms-python.python-2025.12.0/python_files/lib/jedilsp/jedi/inference/references.py", line 53, in _find_defining_names
    found_names = _find_names(module_context, tree_name)
  File "/usr/local/lib/code-server-4.103.2/lib/vscode/extensions/ms-python.python-2025.12.0/python_files/lib/jedilsp/jedi/inference/references.py", line 74, in _find_names
    found_names = set(name.goto())
  File "/usr/local/lib/code-server-4.103.2/lib/vscode/extensions/ms-python.python-2025.12.0/python_files/lib/jedilsp/jedi/inference/names.py", line 157, in goto
    module_names = goto_import(context, name)
  File "/usr/local/lib/code-server-4.103.2/lib/vscode/extensions/ms-python.python-2025.12.0/python_files/lib/jedilsp/jedi/inference/cache.py", line 44, in wrapper
    rv = function(obj, *args, **kwargs)
  File "/usr/local/lib/code-server-4.103.2/lib/vscode/extensions/ms-python.python-2025.12.0/python_files/lib/jedilsp/jedi/inference/imports.py", line 75, in goto_import
    _prepare_infer_import(module_context, tree_name)
  File "/usr/local/lib/code-server-4.103.2/lib/vscode/extensions/ms-python.python-2025.12.0/python_files/lib/jedilsp/jedi/inference/imports.py", line 116, in _prepare_infer_import
    return from_import_name, tuple(import_path), import_node.level, importer.follow()
  File "/usr/local/lib/code-server-4.103.2/lib/vscode/extensions/ms-python.python-2025.12.0/python_files/lib/jedilsp/jedi/inference/imports.py", line 296, in follow
    return import_module_by_names(
  File "/usr/local/lib/code-server-4.103.2/lib/vscode/extensions/ms-python.python-2025.12.0/python_files/lib/jedilsp/jedi/inference/imports.py", line 376, in import_module_by_names
    value_set = ValueSet.from_sets([
  File "/usr/local/lib/code-server-4.103.2/lib/vscode/extensions/ms-python.python-2025.12.0/python_files/lib/jedilsp/jedi/inference/imports.py", line 377, in <listcomp>
    import_module(
  File "/usr/local/lib/code-server-4.103.2/lib/vscode/extensions/ms-python.python-2025.12.0/python_files/lib/jedilsp/jedi/plugins/__init__.py", line 21, in wrapper
    return built_functions[public_name](*args, **kwargs)
  File "/usr/local/lib/code-server-4.103.2/lib/vscode/extensions/ms-python.python-2025.12.0/python_files/lib/jedilsp/jedi/plugins/flask.py", line 20, in wrapper
    return callback(inference_state, import_names, module_context, *args, **kwargs)
  File "/usr/local/lib/code-server-4.103.2/lib/vscode/extensions/ms-python.python-2025.12.0/python_files/lib/jedilsp/jedi/inference/gradual/typeshed.py", line 115, in wrapper
    python_value_set = ValueSet.from_sets(
  File "/usr/local/lib/code-server-4.103.2/lib/vscode/extensions/ms-python.python-2025.12.0/python_files/lib/jedilsp/jedi/inference/base_value.py", line 430, in from_sets
    for set_ in sets:
  File "/usr/local/lib/code-server-4.103.2/lib/vscode/extensions/ms-python.python-2025.12.0/python_files/lib/jedilsp/jedi/inference/gradual/typeshed.py", line 116, in <genexpr>
    func(inference_state, import_names, p, sys_path,)
  File "/usr/local/lib/code-server-4.103.2/lib/vscode/extensions/ms-python.python-2025.12.0/python_files/lib/jedilsp/jedi/inference/imports.py", line 411, in import_module
    file_io_or_ns, is_pkg = inference_state.compiled_subprocess.get_module_info(
  File "/usr/local/lib/code-server-4.103.2/lib/vscode/extensions/ms-python.python-2025.12.0/python_files/lib/jedilsp/jedi/inference/compiled/subprocess/__init__.py", line 188, in wrapper
    result = self._compiled_subprocess.run(
  File "/usr/local/lib/code-server-4.103.2/lib/vscode/extensions/ms-python.python-2025.12.0/python_files/lib/jedilsp/jedi/inference/compiled/subprocess/__init__.py", line 293, in run
    self._send(delete_id, None)
  File "/usr/local/lib/code-server-4.103.2/lib/vscode/extensions/ms-python.python-2025.12.0/python_files/lib/jedilsp/jedi/inference/compiled/subprocess/__init__.py", line 318, in _send
    is_exception, traceback, result = pickle_load(self._get_process().stdout)
  File "/usr/local/lib/code-server-4.103.2/lib/vscode/extensions/ms-python.python-2025.12.0/python_files/lib/jedilsp/jedi/_compatibility.py", line 25, in pickle_load
    return Unpickler(file).load()
_pickle.UnpicklingError: invalid load key, ' '.

2026-09-09 04:59:10.991 [info] [Error - 4:59:10 AM] Request textDocument/codeAction failed.
2026-09-09 04:59:10.999 [info]   Message: _pickle.UnpicklingError: invalid load key, ' '.
  Code: -32603 
[object Object]
2026-09-09 04:59:37.244 [info] semantic_tokens_range file:///voc/work/exercises/lesson-1-review-code-like-an-engineer/exercises/concept3-dependency-validation-review/solution/file_processor.py 0:0-62:24
2026-09-09 04:59:37.248 [info] ERROR:pygls.protocol.json_rpc:Exception occurred for message "164": _pickle.UnpicklingError: invalid load key, ' '.
NoneType: None

2026-09-09 04:59:37.253 [info] [Error - 4:59:37 AM] Request textDocument/semanticTokens/range failed.
2026-09-09 04:59:37.253 [info]   Message: _pickle.UnpicklingError: invalid load key, ' '.
  Code: -32603 
[object Object]
2026-09-09 04:59:40.038 [info] ERROR:pygls.protocol.json_rpc:Failed to handle request 167 textDocument/documentHighlight DocumentHighlightParams(text_document=TextDocumentIdentifier(uri='file:///voc/work/exercises/lesson-1-review-code-like-an-engineer/exercises/concept3-dependency-validation-review/starter/file_processor.py'), position=21:34, work_done_token=None, partial_result_token=None)
Traceback (most recent call last):
  File "/usr/local/lib/code-server-4.103.2/lib/vscode/extensions/ms-python.python-2025.12.0/python_files/lib/jedilsp/pygls/protocol/json_rpc.py", line 266, in _handle_request
    self._execute_request(msg_id, handler, params)
  File "/usr/local/lib/code-server-4.103.2/lib/vscode/extensions/ms-python.python-2025.12.0/python_files/lib/jedilsp/pygls/protocol/json_rpc.py", line 188, in _execute_request
    self._send_response(msg_id, handler(params))
  File "/usr/local/lib/code-server-4.103.2/lib/vscode/extensions/ms-python.python-2025.12.0/python_files/lib/jedilsp/jedi_language_server/server.py", line 466, in highlight
    names = jedi_script.get_references(*jedi_lines, scope="file")
  File "/usr/local/lib/code-server-4.103.2/lib/vscode/extensions/ms-python.python-2025.12.0/python_files/lib/jedilsp/jedi/api/helpers.py", line 487, in wrapper
    return func(self, line, column, *args, **kwargs)
  File "/usr/local/lib/code-server-4.103.2/lib/vscode/extensions/ms-python.python-2025.12.0/python_files/lib/jedilsp/jedi/api/__init__.py", line 429, in get_references
    return _references(**kwargs)
  File "/usr/local/lib/code-server-4.103.2/lib/vscode/extensions/ms-python.python-2025.12.0/python_files/lib/jedilsp/jedi/api/__init__.py", line 423, in _references
    names = find_references(self._get_module_context(), tree_name, scope == 'file')
  File "/usr/local/lib/code-server-4.103.2/lib/vscode/extensions/ms-python.python-2025.12.0/python_files/lib/jedilsp/jedi/inference/references.py", line 122, in find_references
    found_names = _find_defining_names(module_context, tree_name)
  File "/usr/local/lib/code-server-4.103.2/lib/vscode/extensions/ms-python.python-2025.12.0/python_files/lib/jedilsp/jedi/inference/references.py", line 53, in _find_defining_names
    found_names = _find_names(module_context, tree_name)
  File "/usr/local/lib/code-server-4.103.2/lib/vscode/extensions/ms-python.python-2025.12.0/python_files/lib/jedilsp/jedi/inference/references.py", line 74, in _find_names
    found_names = set(name.goto())
  File "/usr/local/lib/code-server-4.103.2/lib/vscode/extensions/ms-python.python-2025.12.0/python_files/lib/jedilsp/jedi/inference/names.py", line 157, in goto
    module_names = goto_import(context, name)
  File "/usr/local/lib/code-server-4.103.2/lib/vscode/extensions/ms-python.python-2025.12.0/python_files/lib/jedilsp/jedi/inference/cache.py", line 44, in wrapper
    rv = function(obj, *args, **kwargs)
  File "/usr/local/lib/code-server-4.103.2/lib/vscode/extensions/ms-python.python-2025.12.0/python_files/lib/jedilsp/jedi/inference/imports.py", line 75, in goto_import
    _prepare_infer_import(module_context, tree_name)
  File "/usr/local/lib/code-server-4.103.2/lib/vscode/extensions/ms-python.python-2025.12.0/python_files/lib/jedilsp/jedi/inference/imports.py", line 116, in _prepare_infer_import
    return from_import_name, tuple(import_path), import_node.level, importer.follow()
  File "/usr/local/lib/code-server-4.103.2/lib/vscode/extensions/ms-python.python-2025.12.0/python_files/lib/jedilsp/jedi/inference/imports.py", line 296, in follow
    return import_module_by_names(
  File "/usr/local/lib/code-server-4.103.2/lib/vscode/extensions/ms-python.python-2025.12.0/python_files/lib/jedilsp/jedi/inference/imports.py", line 376, in import_module_by_names
    value_set = ValueSet.from_sets([
  File "/usr/local/lib/code-server-4.103.2/lib/vscode/extensions/ms-python.python-2025.12.0/python_files/lib/jedilsp/jedi/inference/imports.py", line 377, in <listcomp>
    import_module(
  File "/usr/local/lib/code-server-4.103.2/lib/vscode/extensions/ms-python.python-2025.12.0/python_files/lib/jedilsp/jedi/plugins/__init__.py", line 21, in wrapper
    return built_functions[public_name](*args, **kwargs)
  File "/usr/local/lib/code-server-4.103.2/lib/vscode/extensions/ms-python.python-2025.12.0/python_files/lib/jedilsp/jedi/plugins/flask.py", line 20, in wrapper
    return callback(inference_state, import_names, module_context, *args, **kwargs)
  File "/usr/local/lib/code-server-4.103.2/lib/vscode/extensions/ms-python.python-2025.12.0/python_files/lib/jedilsp/jedi/inference/gradual/typeshed.py", line 115, in wrapper
    python_value_set = ValueSet.from_sets(
  File "/usr/local/lib/code-server-4.103.2/lib/vscode/extensions/ms-python.python-2025.12.0/python_files/lib/jedilsp/jedi/inference/base_value.py", line 430, in from_sets
    for set_ in sets:
  File "/usr/local/lib/code-server-4.103.2/lib/vscode/extensions/ms-python.python-2025.12.0/python_files/lib/jedilsp/jedi/inference/gradual/typeshed.py", line 116, in <genexpr>
    func(inference_state, import_names, p, sys_path,)
  File "/usr/local/lib/code-server-4.103.2/lib/vscode/extensions/ms-python.python-2025.12.0/python_files/lib/jedilsp/jedi/inference/imports.py", line 411, in import_module
    file_io_or_ns, is_pkg = inference_state.compiled_subprocess.get_module_info(
  File "/usr/local/lib/code-server-4.103.2/lib/vscode/extensions/ms-python.python-2025.12.0/python_files/lib/jedilsp/jedi/inference/compiled/subprocess/__init__.py", line 188, in wrapper
    result = self._compiled_subprocess.run(
  File "/usr/local/lib/code-server-4.103.2/lib/vscode/extensions/ms-python.python-2025.12.0/python_files/lib/jedilsp/jedi/inference/compiled/subprocess/__init__.py", line 293, in run
    self._send(delete_id, None)
  File "/usr/local/lib/code-server-4.103.2/lib/vscode/extensions/ms-python.python-2025.12.0/python_files/lib/jedilsp/jedi/inference/compiled/subprocess/__init__.py", line 318, in _send
    is_exception, traceback, result = pickle_load(self._get_process().stdout)
  File "/usr/local/lib/code-server-4.103.2/lib/vscode/extensions/ms-python.python-2025.12.0/python_files/lib/jedilsp/jedi/_compatibility.py", line 25, in pickle_load
    return Unpickler(file).load()
_pickle.UnpicklingError: invalid load key, ' '.

2026-09-09 04:59:40.038 [info] [Error - 4:59:40 AM] Request textDocument/documentHighlight failed.
2026-09-09 04:59:40.045 [info]   Message: _pickle.UnpicklingError: invalid load key, ' '.
  Code: -32603 
[object Object]
2026-09-09 04:59:40.180 [info] ERROR:pygls.protocol.json_rpc:Failed to handle request 168 textDocument/codeAction CodeActionParams(text_document=TextDocumentIdentifier(uri='file:///voc/work/exercises/lesson-1-review-code-like-an-engineer/exercises/concept3-dependency-validation-review/starter/file_processor.py'), range=21:34-21:48, context=CodeActionContext(diagnostics=[], only=None, trigger_kind=<CodeActionTriggerKind.Automatic: 2>), work_done_token=None, partial_result_token=None)
Traceback (most recent call last):
  File "/usr/local/lib/code-server-4.103.2/lib/vscode/extensions/ms-python.python-2025.12.0/python_files/lib/jedilsp/pygls/protocol/json_rpc.py", line 266, in _handle_request
    self._execute_request(msg_id, handler, params)
  File "/usr/local/lib/code-server-4.103.2/lib/vscode/extensions/ms-python.python-2025.12.0/python_files/lib/jedilsp/pygls/protocol/json_rpc.py", line 188, in _execute_request
    self._send_response(msg_id, handler(params))
  File "/usr/local/lib/code-server-4.103.2/lib/vscode/extensions/ms-python.python-2025.12.0/python_files/lib/jedilsp/jedi_language_server/notebook_utils.py", line 373, in wrapped
    result = f(notebook_server, notebook_params)
  File "/usr/local/lib/code-server-4.103.2/lib/vscode/extensions/ms-python.python-2025.12.0/python_files/lib/jedilsp/jedi_language_server/server.py", line 671, in code_action
    inline_refactoring = jedi_script.inline(*jedi_lines)
  File "/usr/local/lib/code-server-4.103.2/lib/vscode/extensions/ms-python.python-2025.12.0/python_files/lib/jedilsp/jedi/api/__init__.py", line 697, in inline
    names = [d._name for d in self.get_references(line, column, include_builtins=True)]
  File "/usr/local/lib/code-server-4.103.2/lib/vscode/extensions/ms-python.python-2025.12.0/python_files/lib/jedilsp/jedi/api/helpers.py", line 487, in wrapper
    return func(self, line, column, *args, **kwargs)
  File "/usr/local/lib/code-server-4.103.2/lib/vscode/extensions/ms-python.python-2025.12.0/python_files/lib/jedilsp/jedi/api/__init__.py", line 429, in get_references
    return _references(**kwargs)
  File "/usr/local/lib/code-server-4.103.2/lib/vscode/extensions/ms-python.python-2025.12.0/python_files/lib/jedilsp/jedi/api/__init__.py", line 423, in _references
    names = find_references(self._get_module_context(), tree_name, scope == 'file')
  File "/usr/local/lib/code-server-4.103.2/lib/vscode/extensions/ms-python.python-2025.12.0/python_files/lib/jedilsp/jedi/inference/references.py", line 122, in find_references
    found_names = _find_defining_names(module_context, tree_name)
  File "/usr/local/lib/code-server-4.103.2/lib/vscode/extensions/ms-python.python-2025.12.0/python_files/lib/jedilsp/jedi/inference/references.py", line 53, in _find_defining_names
    found_names = _find_names(module_context, tree_name)
  File "/usr/local/lib/code-server-4.103.2/lib/vscode/extensions/ms-python.python-2025.12.0/python_files/lib/jedilsp/jedi/inference/references.py", line 74, in _find_names
    found_names = set(name.goto())
  File "/usr/local/lib/code-server-4.103.2/lib/vscode/extensions/ms-python.python-2025.12.0/python_files/lib/jedilsp/jedi/inference/names.py", line 157, in goto
    module_names = goto_import(context, name)
  File "/usr/local/lib/code-server-4.103.2/lib/vscode/extensions/ms-python.python-2025.12.0/python_files/lib/jedilsp/jedi/inference/cache.py", line 44, in wrapper
    rv = function(obj, *args, **kwargs)
  File "/usr/local/lib/code-server-4.103.2/lib/vscode/extensions/ms-python.python-2025.12.0/python_files/lib/jedilsp/jedi/inference/imports.py", line 75, in goto_import
    _prepare_infer_import(module_context, tree_name)
  File "/usr/local/lib/code-server-4.103.2/lib/vscode/extensions/ms-python.python-2025.12.0/python_files/lib/jedilsp/jedi/inference/imports.py", line 116, in _prepare_infer_import
    return from_import_name, tuple(import_path), import_node.level, importer.follow()
  File "/usr/local/lib/code-server-4.103.2/lib/vscode/extensions/ms-python.python-2025.12.0/python_files/lib/jedilsp/jedi/inference/imports.py", line 296, in follow
    return import_module_by_names(
  File "/usr/local/lib/code-server-4.103.2/lib/vscode/extensions/ms-python.python-2025.12.0/python_files/lib/jedilsp/jedi/inference/imports.py", line 376, in import_module_by_names
    value_set = ValueSet.from_sets([
  File "/usr/local/lib/code-server-4.103.2/lib/vscode/extensions/ms-python.python-2025.12.0/python_files/lib/jedilsp/jedi/inference/imports.py", line 377, in <listcomp>
    import_module(
  File "/usr/local/lib/code-server-4.103.2/lib/vscode/extensions/ms-python.python-2025.12.0/python_files/lib/jedilsp/jedi/plugins/__init__.py", line 21, in wrapper
    return built_functions[public_name](*args, **kwargs)
  File "/usr/local/lib/code-server-4.103.2/lib/vscode/extensions/ms-python.python-2025.12.0/python_files/lib/jedilsp/jedi/plugins/flask.py", line 20, in wrapper
    return callback(inference_state, import_names, module_context, *args, **kwargs)
  File "/usr/local/lib/code-server-4.103.2/lib/vscode/extensions/ms-python.python-2025.12.0/python_files/lib/jedilsp/jedi/inference/gradual/typeshed.py", line 115, in wrapper
    python_value_set = ValueSet.from_sets(
  File "/usr/local/lib/code-server-4.103.2/lib/vscode/extensions/ms-python.python-2025.12.0/python_files/lib/jedilsp/jedi/inference/base_value.py", line 430, in from_sets
    for set_ in sets:
  File "/usr/local/lib/code-server-4.103.2/lib/vscode/extensions/ms-python.python-2025.12.0/python_files/lib/jedilsp/jedi/inference/gradual/typeshed.py", line 116, in <genexpr>
    func(inference_state, import_names, p, sys_path,)
  File "/usr/local/lib/code-server-4.103.2/lib/vscode/extensions/ms-python.python-2025.12.0/python_files/lib/jedilsp/jedi/inference/imports.py", line 411, in import_module
    file_io_or_ns, is_pkg = inference_state.compiled_subprocess.get_module_info(
  File "/usr/local/lib/code-server-4.103.2/lib/vscode/extensions/ms-python.python-2025.12.0/python_files/lib/jedilsp/jedi/inference/compiled/subprocess/__init__.py", line 188, in wrapper
    result = self._compiled_subprocess.run(
  File "/usr/local/lib/code-server-4.103.2/lib/vscode/extensions/ms-python.python-2025.12.0/python_files/lib/jedilsp/jedi/inference/compiled/subprocess/__init__.py", line 293, in run
    self._send(delete_id, None)
  File "/usr/local/lib/code-server-4.103.2/lib/vscode/extensions/ms-python.python-2025.12.0/python_files/lib/jedilsp/jedi/inference/compiled/subprocess/__init__.py", line 318, in _send
    is_exception, traceback, result = pickle_load(self._get_process().stdout)
  File "/usr/local/lib/code-server-4.103.2/lib/vscode/extensions/ms-python.python-2025.12.0/python_files/lib/jedilsp/jedi/_compatibility.py", line 25, in pickle_load
    return Unpickler(file).load()
_pickle.UnpicklingError: invalid load key, ' '.

2026-09-09 04:59:40.180 [info] [Error - 4:59:40 AM] Request textDocument/codeAction failed.
2026-09-09 04:59:40.187 [info]   Message: _pickle.UnpicklingError: invalid load key, ' '.
  Code: -32603 
[object Object]
2026-09-09 04:59:40.222 [info] ERROR:pygls.protocol.json_rpc:Failed to handle request 169 textDocument/documentSymbol DocumentSymbolParams(text_document=TextDocumentIdentifier(uri='file:///voc/work/exercises/lesson-1-review-code-like-an-engineer/exercises/concept3-dependency-validation-review/starter/file_processor.py'), work_done_token=None, partial_result_token=None)
Traceback (most recent call last):
  File "/usr/local/lib/code-server-4.103.2/lib/vscode/extensions/ms-python.python-2025.12.0/python_files/lib/jedilsp/pygls/protocol/json_rpc.py", line 266, in _handle_request
    self._execute_request(msg_id, handler, params)
  File "/usr/local/lib/code-server-4.103.2/lib/vscode/extensions/ms-python.python-2025.12.0/python_files/lib/jedilsp/pygls/protocol/json_rpc.py", line 188, in _execute_request
    self._send_response(msg_id, handler(params))
  File "/usr/local/lib/code-server-4.103.2/lib/vscode/extensions/ms-python.python-2025.12.0/python_files/lib/jedilsp/jedi_language_server/server.py", line 546, in document_symbol
    document_symbols = jedi_utils.lsp_document_symbols(names)
  File "/usr/local/lib/code-server-4.103.2/lib/vscode/extensions/ms-python.python-2025.12.0/python_files/lib/jedilsp/jedi_language_server/jedi_utils.py", line 225, in lsp_document_symbols
    symbol_range = _document_symbol_range(name)
  File "/usr/local/lib/code-server-4.103.2/lib/vscode/extensions/ms-python.python-2025.12.0/python_files/lib/jedilsp/jedi_language_server/jedi_utils.py", line 204, in _document_symbol_range
    end = name.get_definition_end_position()
  File "/usr/local/lib/code-server-4.103.2/lib/vscode/extensions/ms-python.python-2025.12.0/python_files/lib/jedilsp/jedi/api/classes.py", line 260, in get_definition_end_position
    if self.type in ("function", "class"):
  File "/usr/local/lib/code-server-4.103.2/lib/vscode/extensions/ms-python.python-2025.12.0/python_files/lib/jedilsp/jedi/api/classes.py", line 190, in type
    for value in self._name.infer():
  File "/usr/local/lib/code-server-4.103.2/lib/vscode/extensions/ms-python.python-2025.12.0/python_files/lib/jedilsp/jedi/inference/names.py", line 281, in infer
    return tree_name_to_values(
  File "/usr/local/lib/code-server-4.103.2/lib/vscode/extensions/ms-python.python-2025.12.0/python_files/lib/jedilsp/jedi/plugins/__init__.py", line 21, in wrapper
    return built_functions[public_name](*args, **kwargs)
  File "/usr/local/lib/code-server-4.103.2/lib/vscode/extensions/ms-python.python-2025.12.0/python_files/lib/jedilsp/jedi/plugins/stdlib.py", line 878, in wrapper
    return func(inference_state, context, tree_name)
  File "/usr/local/lib/code-server-4.103.2/lib/vscode/extensions/ms-python.python-2025.12.0/python_files/lib/jedilsp/jedi/plugins/django.py", line 177, in wrapper
    result = func(inference_state, context, tree_name)
  File "/usr/local/lib/code-server-4.103.2/lib/vscode/extensions/ms-python.python-2025.12.0/python_files/lib/jedilsp/jedi/inference/syntax_tree.py", line 771, in tree_name_to_values
    types = imports.infer_import(context, tree_name)
  File "/usr/local/lib/code-server-4.103.2/lib/vscode/extensions/ms-python.python-2025.12.0/python_files/lib/jedilsp/jedi/inference/cache.py", line 44, in wrapper
    rv = function(obj, *args, **kwargs)
  File "/usr/local/lib/code-server-4.103.2/lib/vscode/extensions/ms-python.python-2025.12.0/python_files/lib/jedilsp/jedi/inference/imports.py", line 53, in infer_import
    _prepare_infer_import(module_context, tree_name)
  File "/usr/local/lib/code-server-4.103.2/lib/vscode/extensions/ms-python.python-2025.12.0/python_files/lib/jedilsp/jedi/inference/imports.py", line 116, in _prepare_infer_import
    return from_import_name, tuple(import_path), import_node.level, importer.follow()
  File "/usr/local/lib/code-server-4.103.2/lib/vscode/extensions/ms-python.python-2025.12.0/python_files/lib/jedilsp/jedi/inference/imports.py", line 296, in follow
    return import_module_by_names(
  File "/usr/local/lib/code-server-4.103.2/lib/vscode/extensions/ms-python.python-2025.12.0/python_files/lib/jedilsp/jedi/inference/imports.py", line 376, in import_module_by_names
    value_set = ValueSet.from_sets([
  File "/usr/local/lib/code-server-4.103.2/lib/vscode/extensions/ms-python.python-2025.12.0/python_files/lib/jedilsp/jedi/inference/imports.py", line 377, in <listcomp>
    import_module(
  File "/usr/local/lib/code-server-4.103.2/lib/vscode/extensions/ms-python.python-2025.12.0/python_files/lib/jedilsp/jedi/plugins/__init__.py", line 21, in wrapper
    return built_functions[public_name](*args, **kwargs)
  File "/usr/local/lib/code-server-4.103.2/lib/vscode/extensions/ms-python.python-2025.12.0/python_files/lib/jedilsp/jedi/plugins/flask.py", line 20, in wrapper
    return callback(inference_state, import_names, module_context, *args, **kwargs)
  File "/usr/local/lib/code-server-4.103.2/lib/vscode/extensions/ms-python.python-2025.12.0/python_files/lib/jedilsp/jedi/inference/gradual/typeshed.py", line 115, in wrapper
    python_value_set = ValueSet.from_sets(
  File "/usr/local/lib/code-server-4.103.2/lib/vscode/extensions/ms-python.python-2025.12.0/python_files/lib/jedilsp/jedi/inference/base_value.py", line 430, in from_sets
    for set_ in sets:
  File "/usr/local/lib/code-server-4.103.2/lib/vscode/extensions/ms-python.python-2025.12.0/python_files/lib/jedilsp/jedi/inference/gradual/typeshed.py", line 116, in <genexpr>
    func(inference_state, import_names, p, sys_path,)
  File "/usr/local/lib/code-server-4.103.2/lib/vscode/extensions/ms-python.python-2025.12.0/python_files/lib/jedilsp/jedi/inference/imports.py", line 411, in import_module
    file_io_or_ns, is_pkg = inference_state.compiled_subprocess.get_module_info(
  File "/usr/local/lib/code-server-4.103.2/lib/vscode/extensions/ms-python.python-2025.12.0/python_files/lib/jedilsp/jedi/inference/compiled/subprocess/__init__.py", line 188, in wrapper
    result = self._compiled_subprocess.run(
  File "/usr/local/lib/code-server-4.103.2/lib/vscode/extensions/ms-python.python-2025.12.0/python_files/lib/jedilsp/jedi/inference/compiled/subprocess/__init__.py", line 293, in run
    self._send(delete_id, None)
  File "/usr/local/lib/code-server-4.103.2/lib/vscode/extensions/ms-python.python-2025.12.0/python_files/lib/jedilsp/jedi/inference/compiled/subprocess/__init__.py", line 318, in _send
    is_exception, traceback, result = pickle_load(self._get_process().stdout)
  File "/usr/local/lib/code-server-4.103.2/lib/vscode/extensions/ms-python.python-2025.12.0/python_files/lib/jedilsp/jedi/_compatibility.py", line 25, in pickle_load
    return Unpickler(file).load()
_pickle.UnpicklingError: invalid load key, ' '.

2026-09-09 04:59:40.222 [info] [Error - 4:59:40 AM] Request textDocument/documentSymbol failed.
2026-09-09 04:59:40.229 [info]   Message: _pickle.UnpicklingError: invalid load key, ' '.
  Code: -32603 
[object Object]
2026-09-09 04:59:41.910 [info] semantic_tokens_full file:///voc/work/exercises/lesson-1-review-code-like-an-engineer/exercises/concept3-dependency-validation-review/starter/file_processor.py 
2026-09-09 04:59:41.915 [info] ERROR:pygls.protocol.json_rpc:Exception occurred for message "170": _pickle.UnpicklingError: invalid load key, ' '.
NoneType: None

2026-09-09 04:59:41.918 [info] [Error - 4:59:41 AM] Request textDocument/semanticTokens/full failed.
2026-09-09 04:59:41.918 [info]   Message: _pickle.UnpicklingError: invalid load key, ' '.
  Code: -32603 
[object Object]
2026-09-09 05:04:15.771 [info] semantic_tokens_full file:///voc/work/exercises/lesson-1-review-code-like-an-engineer/exercises/concept3-dependency-validation-review/solution/file_processor.py 
2026-09-09 05:04:15.775 [info] ERROR:pygls.protocol.json_rpc:Exception occurred for message "178": _pickle.UnpicklingError: invalid load key, ' '.
NoneType: None

2026-09-09 05:04:15.780 [info] [Error - 5:04:15 AM] Request textDocument/semanticTokens/full failed.
2026-09-09 05:04:15.780 [info]   Message: _pickle.UnpicklingError: invalid load key, ' '.
  Code: -32603 
[object Object]
2026-09-09 05:04:15.975 [info] semantic_tokens_range file:///voc/work/exercises/lesson-1-review-code-like-an-engineer/exercises/concept3-dependency-validation-review/solution/file_processor.py 0:0-62:24
2026-09-09 05:04:15.979 [info] ERROR:pygls.protocol.json_rpc:Exception occurred for message "180": _pickle.UnpicklingError: invalid load key, ' '.
NoneType: None

2026-09-09 05:04:15.982 [info] [Error - 5:04:15 AM] Request textDocument/semanticTokens/range failed.
2026-09-09 05:04:15.982 [info]   Message: _pickle.UnpicklingError: invalid load key, ' '.
  Code: -32603 
[object Object]
2026-09-09 05:04:21.877 [info] ERROR:pygls.protocol.json_rpc:Failed to handle request 184 textDocument/documentSymbol DocumentSymbolParams(text_document=TextDocumentIdentifier(uri='file:///voc/work/exercises/lesson-1-review-code-like-an-engineer/exercises/concept3-dependency-validation-review/starter/file_processor.py'), work_done_token=None, partial_result_token=None)
Traceback (most recent call last):
  File "/usr/local/lib/code-server-4.103.2/lib/vscode/extensions/ms-python.python-2025.12.0/python_files/lib/jedilsp/pygls/protocol/json_rpc.py", line 266, in _handle_request
    self._execute_request(msg_id, handler, params)
  File "/usr/local/lib/code-server-4.103.2/lib/vscode/extensions/ms-python.python-2025.12.0/python_files/lib/jedilsp/pygls/protocol/json_rpc.py", line 188, in _execute_request
    self._send_response(msg_id, handler(params))
  File "/usr/local/lib/code-server-4.103.2/lib/vscode/extensions/ms-python.python-2025.12.0/python_files/lib/jedilsp/jedi_language_server/server.py", line 546, in document_symbol
    document_symbols = jedi_utils.lsp_document_symbols(names)
  File "/usr/local/lib/code-server-4.103.2/lib/vscode/extensions/ms-python.python-2025.12.0/python_files/lib/jedilsp/jedi_language_server/jedi_utils.py", line 225, in lsp_document_symbols
    symbol_range = _document_symbol_range(name)
  File "/usr/local/lib/code-server-4.103.2/lib/vscode/extensions/ms-python.python-2025.12.0/python_files/lib/jedilsp/jedi_language_server/jedi_utils.py", line 204, in _document_symbol_range
    end = name.get_definition_end_position()
  File "/usr/local/lib/code-server-4.103.2/lib/vscode/extensions/ms-python.python-2025.12.0/python_files/lib/jedilsp/jedi/api/classes.py", line 260, in get_definition_end_position
    if self.type in ("function", "class"):
  File "/usr/local/lib/code-server-4.103.2/lib/vscode/extensions/ms-python.python-2025.12.0/python_files/lib/jedilsp/jedi/api/classes.py", line 190, in type
    for value in self._name.infer():
  File "/usr/local/lib/code-server-4.103.2/lib/vscode/extensions/ms-python.python-2025.12.0/python_files/lib/jedilsp/jedi/inference/names.py", line 281, in infer
    return tree_name_to_values(
  File "/usr/local/lib/code-server-4.103.2/lib/vscode/extensions/ms-python.python-2025.12.0/python_files/lib/jedilsp/jedi/plugins/__init__.py", line 21, in wrapper
    return built_functions[public_name](*args, **kwargs)
  File "/usr/local/lib/code-server-4.103.2/lib/vscode/extensions/ms-python.python-2025.12.0/python_files/lib/jedilsp/jedi/plugins/stdlib.py", line 878, in wrapper
    return func(inference_state, context, tree_name)
  File "/usr/local/lib/code-server-4.103.2/lib/vscode/extensions/ms-python.python-2025.12.0/python_files/lib/jedilsp/jedi/plugins/django.py", line 177, in wrapper
    result = func(inference_state, context, tree_name)
  File "/usr/local/lib/code-server-4.103.2/lib/vscode/extensions/ms-python.python-2025.12.0/python_files/lib/jedilsp/jedi/inference/syntax_tree.py", line 771, in tree_name_to_values
    types = imports.infer_import(context, tree_name)
  File "/usr/local/lib/code-server-4.103.2/lib/vscode/extensions/ms-python.python-2025.12.0/python_files/lib/jedilsp/jedi/inference/cache.py", line 44, in wrapper
    rv = function(obj, *args, **kwargs)
  File "/usr/local/lib/code-server-4.103.2/lib/vscode/extensions/ms-python.python-2025.12.0/python_files/lib/jedilsp/jedi/inference/imports.py", line 53, in infer_import
    _prepare_infer_import(module_context, tree_name)
  File "/usr/local/lib/code-server-4.103.2/lib/vscode/extensions/ms-python.python-2025.12.0/python_files/lib/jedilsp/jedi/inference/imports.py", line 116, in _prepare_infer_import
    return from_import_name, tuple(import_path), import_node.level, importer.follow()
  File "/usr/local/lib/code-server-4.103.2/lib/vscode/extensions/ms-python.python-2025.12.0/python_files/lib/jedilsp/jedi/inference/imports.py", line 296, in follow
    return import_module_by_names(
  File "/usr/local/lib/code-server-4.103.2/lib/vscode/extensions/ms-python.python-2025.12.0/python_files/lib/jedilsp/jedi/inference/imports.py", line 376, in import_module_by_names
    value_set = ValueSet.from_sets([
  File "/usr/local/lib/code-server-4.103.2/lib/vscode/extensions/ms-python.python-2025.12.0/python_files/lib/jedilsp/jedi/inference/imports.py", line 377, in <listcomp>
    import_module(
  File "/usr/local/lib/code-server-4.103.2/lib/vscode/extensions/ms-python.python-2025.12.0/python_files/lib/jedilsp/jedi/plugins/__init__.py", line 21, in wrapper
    return built_functions[public_name](*args, **kwargs)
  File "/usr/local/lib/code-server-4.103.2/lib/vscode/extensions/ms-python.python-2025.12.0/python_files/lib/jedilsp/jedi/plugins/flask.py", line 20, in wrapper
    return callback(inference_state, import_names, module_context, *args, **kwargs)
  File "/usr/local/lib/code-server-4.103.2/lib/vscode/extensions/ms-python.python-2025.12.0/python_files/lib/jedilsp/jedi/inference/gradual/typeshed.py", line 115, in wrapper
    python_value_set = ValueSet.from_sets(
  File "/usr/local/lib/code-server-4.103.2/lib/vscode/extensions/ms-python.python-2025.12.0/python_files/lib/jedilsp/jedi/inference/base_value.py", line 430, in from_sets
    for set_ in sets:
  File "/usr/local/lib/code-server-4.103.2/lib/vscode/extensions/ms-python.python-2025.12.0/python_files/lib/jedilsp/jedi/inference/gradual/typeshed.py", line 116, in <genexpr>
    func(inference_state, import_names, p, sys_path,)
  File "/usr/local/lib/code-server-4.103.2/lib/vscode/extensions/ms-python.python-2025.12.0/python_files/lib/jedilsp/jedi/inference/imports.py", line 411, in import_module
    file_io_or_ns, is_pkg = inference_state.compiled_subprocess.get_module_info(
  File "/usr/local/lib/code-server-4.103.2/lib/vscode/extensions/ms-python.python-2025.12.0/python_files/lib/jedilsp/jedi/inference/compiled/subprocess/__init__.py", line 188, in wrapper
    result = self._compiled_subprocess.run(
  File "/usr/local/lib/code-server-4.103.2/lib/vscode/extensions/ms-python.python-2025.12.0/python_files/lib/jedilsp/jedi/inference/compiled/subprocess/__init__.py", line 293, in run
    self._send(delete_id, None)
  File "/usr/local/lib/code-server-4.103.2/lib/vscode/extensions/ms-python.python-2025.12.0/python_files/lib/jedilsp/jedi/inference/compiled/subprocess/__init__.py", line 318, in _send
    is_exception, traceback, result = pickle_load(self._get_process().stdout)
  File "/usr/local/lib/code-server-4.103.2/lib/vscode/extensions/ms-python.python-2025.12.0/python_files/lib/jedilsp/jedi/_compatibility.py", line 25, in pickle_load
    return Unpickler(file).load()
_pickle.UnpicklingError: invalid load key, ' '.

2026-09-09 05:04:21.878 [info] [Error - 5:04:21 AM] Request textDocument/documentSymbol failed.
2026-09-09 05:04:21.887 [info]   Message: _pickle.UnpicklingError: invalid load key, ' '.
  Code: -32603 
[object Object]
2026-09-09 05:04:23.561 [info] semantic_tokens_full file:///voc/work/exercises/lesson-1-review-code-like-an-engineer/exercises/concept3-dependency-validation-review/starter/file_processor.py 
2026-09-09 05:04:23.565 [info] ERROR:pygls.protocol.json_rpc:Exception occurred for message "185": _pickle.UnpicklingError: invalid load key, ' '.
NoneType: None

2026-09-09 05:04:23.569 [info] [Error - 5:04:23 AM] Request textDocument/semanticTokens/full failed.
2026-09-09 05:04:23.569 [info]   Message: _pickle.UnpicklingError: invalid load key, ' '.
  Code: -32603 
[object Object]
2026-09-09 05:05:31.821 [info] semantic_tokens_range file:///voc/work/exercises/lesson-1-review-code-like-an-engineer/exercises/concept3-dependency-validation-review/solution/file_processor.py 0:0-62:24
2026-09-09 05:05:31.825 [info] ERROR:pygls.protocol.json_rpc:Exception occurred for message "187": _pickle.UnpicklingError: invalid load key, ' '.
NoneType: None

2026-09-09 05:05:31.830 [info] [Error - 5:05:31 AM] Request textDocument/semanticTokens/range failed.
2026-09-09 05:05:31.830 [info]   Message: _pickle.UnpicklingError: invalid load key, ' '.
  Code: -32603 
[object Object]
2026-09-09 05:05:33.183 [info] ERROR:pygls.protocol.json_rpc:Failed to handle request 189 textDocument/hover HoverParams(text_document=TextDocumentIdentifier(uri='file:///voc/work/exercises/lesson-1-review-code-like-an-engineer/exercises/concept3-dependency-validation-review/solution/file_processor.py'), position=15:26, work_done_token=None)
Traceback (most recent call last):
  File "/usr/local/lib/code-server-4.103.2/lib/vscode/extensions/ms-python.python-2025.12.0/python_files/lib/jedilsp/pygls/protocol/json_rpc.py", line 266, in _handle_request
    self._execute_request(msg_id, handler, params)
  File "/usr/local/lib/code-server-4.103.2/lib/vscode/extensions/ms-python.python-2025.12.0/python_files/lib/jedilsp/pygls/protocol/json_rpc.py", line 188, in _execute_request
    self._send_response(msg_id, handler(params))
  File "/usr/local/lib/code-server-4.103.2/lib/vscode/extensions/ms-python.python-2025.12.0/python_files/lib/jedilsp/jedi_language_server/notebook_utils.py", line 373, in wrapped
    result = f(notebook_server, notebook_params)
  File "/usr/local/lib/code-server-4.103.2/lib/vscode/extensions/ms-python.python-2025.12.0/python_files/lib/jedilsp/jedi_language_server/server.py", line 487, in hover
    jedi_script.help(*jedi_lines),
  File "/usr/local/lib/code-server-4.103.2/lib/vscode/extensions/ms-python.python-2025.12.0/python_files/lib/jedilsp/jedi/api/helpers.py", line 487, in wrapper
    return func(self, line, column, *args, **kwargs)
  File "/usr/local/lib/code-server-4.103.2/lib/vscode/extensions/ms-python.python-2025.12.0/python_files/lib/jedilsp/jedi/api/__init__.py", line 372, in help
    definitions = self.goto(line, column, follow_imports=True)
  File "/usr/local/lib/code-server-4.103.2/lib/vscode/extensions/ms-python.python-2025.12.0/python_files/lib/jedilsp/jedi/api/helpers.py", line 487, in wrapper
    return func(self, line, column, *args, **kwargs)
  File "/usr/local/lib/code-server-4.103.2/lib/vscode/extensions/ms-python.python-2025.12.0/python_files/lib/jedilsp/jedi/api/__init__.py", line 304, in goto
    names = convert_names(
  File "/usr/local/lib/code-server-4.103.2/lib/vscode/extensions/ms-python.python-2025.12.0/python_files/lib/jedilsp/jedi/inference/gradual/conversion.py", line 154, in convert_names
    return _try_stub_to_python_names(
  File "/usr/local/lib/code-server-4.103.2/lib/vscode/extensions/ms-python.python-2025.12.0/python_files/lib/jedilsp/jedi/inference/utils.py", line 16, in wrapper
    return list(func(*args, **kwargs))
  File "/usr/local/lib/code-server-4.103.2/lib/vscode/extensions/ms-python.python-2025.12.0/python_files/lib/jedilsp/jedi/inference/gradual/conversion.py", line 66, in _try_stub_to_python_names
    for name in names:
  File "/usr/local/lib/code-server-4.103.2/lib/vscode/extensions/ms-python.python-2025.12.0/python_files/lib/jedilsp/jedi/api/helpers.py", line 189, in filter_follow_imports
    name.goto(),
  File "/usr/local/lib/code-server-4.103.2/lib/vscode/extensions/ms-python.python-2025.12.0/python_files/lib/jedilsp/jedi/inference/names.py", line 157, in goto
    module_names = goto_import(context, name)
  File "/usr/local/lib/code-server-4.103.2/lib/vscode/extensions/ms-python.python-2025.12.0/python_files/lib/jedilsp/jedi/inference/cache.py", line 44, in wrapper
    rv = function(obj, *args, **kwargs)
  File "/usr/local/lib/code-server-4.103.2/lib/vscode/extensions/ms-python.python-2025.12.0/python_files/lib/jedilsp/jedi/inference/imports.py", line 75, in goto_import
    _prepare_infer_import(module_context, tree_name)
  File "/usr/local/lib/code-server-4.103.2/lib/vscode/extensions/ms-python.python-2025.12.0/python_files/lib/jedilsp/jedi/inference/imports.py", line 116, in _prepare_infer_import
    return from_import_name, tuple(import_path), import_node.level, importer.follow()
  File "/usr/local/lib/code-server-4.103.2/lib/vscode/extensions/ms-python.python-2025.12.0/python_files/lib/jedilsp/jedi/inference/imports.py", line 296, in follow
    return import_module_by_names(
  File "/usr/local/lib/code-server-4.103.2/lib/vscode/extensions/ms-python.python-2025.12.0/python_files/lib/jedilsp/jedi/inference/imports.py", line 376, in import_module_by_names
    value_set = ValueSet.from_sets([
  File "/usr/local/lib/code-server-4.103.2/lib/vscode/extensions/ms-python.python-2025.12.0/python_files/lib/jedilsp/jedi/inference/imports.py", line 377, in <listcomp>
    import_module(
  File "/usr/local/lib/code-server-4.103.2/lib/vscode/extensions/ms-python.python-2025.12.0/python_files/lib/jedilsp/jedi/plugins/__init__.py", line 21, in wrapper
    return built_functions[public_name](*args, **kwargs)
  File "/usr/local/lib/code-server-4.103.2/lib/vscode/extensions/ms-python.python-2025.12.0/python_files/lib/jedilsp/jedi/plugins/flask.py", line 20, in wrapper
    return callback(inference_state, import_names, module_context, *args, **kwargs)
  File "/usr/local/lib/code-server-4.103.2/lib/vscode/extensions/ms-python.python-2025.12.0/python_files/lib/jedilsp/jedi/inference/gradual/typeshed.py", line 115, in wrapper
    python_value_set = ValueSet.from_sets(
  File "/usr/local/lib/code-server-4.103.2/lib/vscode/extensions/ms-python.python-2025.12.0/python_files/lib/jedilsp/jedi/inference/base_value.py", line 430, in from_sets
    for set_ in sets:
  File "/usr/local/lib/code-server-4.103.2/lib/vscode/extensions/ms-python.python-2025.12.0/python_files/lib/jedilsp/jedi/inference/gradual/typeshed.py", line 116, in <genexpr>
    func(inference_state, import_names, p, sys_path,)
  File "/usr/local/lib/code-server-4.103.2/lib/vscode/extensions/ms-python.python-2025.12.0/python_files/lib/jedilsp/jedi/inference/imports.py", line 411, in import_module
    file_io_or_ns, is_pkg = inference_state.compiled_subprocess.get_module_info(
  File "/usr/local/lib/code-server-4.103.2/lib/vscode/extensions/ms-python.python-2025.12.0/python_files/lib/jedilsp/jedi/inference/compiled/subprocess/__init__.py", line 188, in wrapper
    result = self._compiled_subprocess.run(
  File "/usr/local/lib/code-server-4.103.2/lib/vscode/extensions/ms-python.python-2025.12.0/python_files/lib/jedilsp/jedi/inference/compiled/subprocess/__init__.py", line 293, in run
    self._send(delete_id, None)
  File "/usr/local/lib/code-server-4.103.2/lib/vscode/extensions/ms-python.python-2025.12.0/python_files/lib/jedilsp/jedi/inference/compiled/subprocess/__init__.py", line 318, in _send
    is_exception, traceback, result = pickle_load(self._get_process().stdout)
  File "/usr/local/lib/code-server-4.103.2/lib/vscode/extensions/ms-python.python-2025.12.0/python_files/lib/jedilsp/jedi/_compatibility.py", line 25, in pickle_load
    return Unpickler(file).load()
_pickle.UnpicklingError: invalid load key, ' '.

2026-09-09 05:05:33.184 [info] [Error - 5:05:33 AM] Request textDocument/hover failed.
2026-09-09 05:05:33.191 [info]   Message: _pickle.UnpicklingError: invalid load key, ' '.
  Code: -32603 
[object Object]
2026-09-09 05:05:33.698 [info] semantic_tokens_full file:///voc/work/exercises/lesson-1-review-code-like-an-engineer/exercises/concept3-dependency-validation-review/solution/file_processor.py 
2026-09-09 05:05:33.703 [info] ERROR:pygls.protocol.json_rpc:Exception occurred for message "190": _pickle.UnpicklingError: invalid load key, ' '.
NoneType: None

2026-09-09 05:05:33.706 [info] [Error - 5:05:33 AM] Request textDocument/semanticTokens/full failed.
2026-09-09 05:05:33.706 [info]   Message: _pickle.UnpicklingError: invalid load key, ' '.
  Code: -32603 
[object Object]
2026-09-09 05:05:34.073 [info] ERROR:pygls.protocol.json_rpc:Failed to handle request 191 textDocument/hover HoverParams(text_document=TextDocumentIdentifier(uri='file:///voc/work/exercises/lesson-1-review-code-like-an-engineer/exercises/concept3-dependency-validation-review/solution/file_processor.py'), position=18:33, work_done_token=None)
Traceback (most recent call last):
  File "/usr/local/lib/code-server-4.103.2/lib/vscode/extensions/ms-python.python-2025.12.0/python_files/lib/jedilsp/pygls/protocol/json_rpc.py", line 266, in _handle_request
    self._execute_request(msg_id, handler, params)
  File "/usr/local/lib/code-server-4.103.2/lib/vscode/extensions/ms-python.python-2025.12.0/python_files/lib/jedilsp/pygls/protocol/json_rpc.py", line 188, in _execute_request
    self._send_response(msg_id, handler(params))
  File "/usr/local/lib/code-server-4.103.2/lib/vscode/extensions/ms-python.python-2025.12.0/python_files/lib/jedilsp/jedi_language_server/notebook_utils.py", line 373, in wrapped
    result = f(notebook_server, notebook_params)
  File "/usr/local/lib/code-server-4.103.2/lib/vscode/extensions/ms-python.python-2025.12.0/python_files/lib/jedilsp/jedi_language_server/server.py", line 486, in hover
    hover_text = jedi_utils.hover_text(
  File "/usr/local/lib/code-server-4.103.2/lib/vscode/extensions/ms-python.python-2025.12.0/python_files/lib/jedilsp/jedi_language_server/jedi_utils.py", line 681, in hover_text
    header_plain = "\n".join(get_full_signatures(name))
  File "/usr/local/lib/code-server-4.103.2/lib/vscode/extensions/ms-python.python-2025.12.0/python_files/lib/jedilsp/jedi_language_server/jedi_utils.py", line 626, in get_full_signatures
    signatures = name.get_signatures()
  File "/usr/local/lib/code-server-4.103.2/lib/vscode/extensions/ms-python.python-2025.12.0/python_files/lib/jedilsp/jedi/api/classes.py", line 581, in get_signatures
    for s in self._get_signatures()
  File "/usr/local/lib/code-server-4.103.2/lib/vscode/extensions/ms-python.python-2025.12.0/python_files/lib/jedilsp/jedi/api/classes.py", line 570, in _get_signatures
    return [sig for name in names for sig in name.infer().get_signatures()]
  File "/usr/local/lib/code-server-4.103.2/lib/vscode/extensions/ms-python.python-2025.12.0/python_files/lib/jedilsp/jedi/api/classes.py", line 570, in <listcomp>
    return [sig for name in names for sig in name.infer().get_signatures()]
  File "/usr/local/lib/code-server-4.103.2/lib/vscode/extensions/ms-python.python-2025.12.0/python_files/lib/jedilsp/jedi/plugins/__init__.py", line 21, in wrapper
    return built_functions[public_name](*args, **kwargs)
  File "/usr/local/lib/code-server-4.103.2/lib/vscode/extensions/ms-python.python-2025.12.0/python_files/lib/jedilsp/jedi/plugins/pytest.py", line 76, in wrapper
    return func(param_name)
  File "/usr/local/lib/code-server-4.103.2/lib/vscode/extensions/ms-python.python-2025.12.0/python_files/lib/jedilsp/jedi/inference/names.py", line 528, in infer
    values = dynamic_param_lookup(self.function_value, param.position_index)
  File "/usr/local/lib/code-server-4.103.2/lib/vscode/extensions/ms-python.python-2025.12.0/python_files/lib/jedilsp/jedi/debug.py", line 81, in wrapper
    return func(*args, **kwargs)
  File "/usr/local/lib/code-server-4.103.2/lib/vscode/extensions/ms-python.python-2025.12.0/python_files/lib/jedilsp/jedi/inference/dynamic_params.py", line 47, in wrapper
    return func(function_value, param_index)
  File "/usr/local/lib/code-server-4.103.2/lib/vscode/extensions/ms-python.python-2025.12.0/python_files/lib/jedilsp/jedi/inference/dynamic_params.py", line 92, in dynamic_param_lookup
    values = ValueSet.from_sets(
  File "/usr/local/lib/code-server-4.103.2/lib/vscode/extensions/ms-python.python-2025.12.0/python_files/lib/jedilsp/jedi/inference/base_value.py", line 430, in from_sets
    for set_ in sets:
  File "/usr/local/lib/code-server-4.103.2/lib/vscode/extensions/ms-python.python-2025.12.0/python_files/lib/jedilsp/jedi/inference/dynamic_params.py", line 95, in <genexpr>
    )[param_index].infer()
  File "/usr/local/lib/code-server-4.103.2/lib/vscode/extensions/ms-python.python-2025.12.0/python_files/lib/jedilsp/jedi/inference/param.py", line 28, in infer
    return self._lazy_value.infer()
  File "/usr/local/lib/code-server-4.103.2/lib/vscode/extensions/ms-python.python-2025.12.0/python_files/lib/jedilsp/jedi/inference/lazy_value.py", line 48, in infer
    return self.context.infer_node(self.data)
  File "/usr/local/lib/code-server-4.103.2/lib/vscode/extensions/ms-python.python-2025.12.0/python_files/lib/jedilsp/jedi/inference/context.py", line 224, in infer_node
    return infer_node(self, node)
  File "/usr/local/lib/code-server-4.103.2/lib/vscode/extensions/ms-python.python-2025.12.0/python_files/lib/jedilsp/jedi/inference/syntax_tree.py", line 157, in infer_node
    return _infer_node_if_inferred(context, element)
  File "/usr/local/lib/code-server-4.103.2/lib/vscode/extensions/ms-python.python-2025.12.0/python_files/lib/jedilsp/jedi/inference/syntax_tree.py", line 170, in _infer_node_if_inferred
    return _infer_node_cached(context, element)
  File "/usr/local/lib/code-server-4.103.2/lib/vscode/extensions/ms-python.python-2025.12.0/python_files/lib/jedilsp/jedi/inference/cache.py", line 44, in wrapper
    rv = function(obj, *args, **kwargs)
  File "/usr/local/lib/code-server-4.103.2/lib/vscode/extensions/ms-python.python-2025.12.0/python_files/lib/jedilsp/jedi/inference/syntax_tree.py", line 175, in _infer_node_cached
    return _infer_node(context, element)
  File "/usr/local/lib/code-server-4.103.2/lib/vscode/extensions/ms-python.python-2025.12.0/python_files/lib/jedilsp/jedi/debug.py", line 81, in wrapper
    return func(*args, **kwargs)
  File "/usr/local/lib/code-server-4.103.2/lib/vscode/extensions/ms-python.python-2025.12.0/python_files/lib/jedilsp/jedi/inference/syntax_tree.py", line 71, in wrapper
    and context.get_value() is inference_state.builtins_module:
  File "/usr/local/lib/code-server-4.103.2/lib/vscode/extensions/ms-python.python-2025.12.0/python_files/lib/jedilsp/jedi/inference/cache.py", line 44, in wrapper
    rv = function(obj, *args, **kwargs)
  File "/usr/local/lib/code-server-4.103.2/lib/vscode/extensions/ms-python.python-2025.12.0/python_files/lib/jedilsp/jedi/inference/__init__.py", line 129, in builtins_module
    builtins_module, = self.import_module((module_name,), sys_path=[])
  File "/usr/local/lib/code-server-4.103.2/lib/vscode/extensions/ms-python.python-2025.12.0/python_files/lib/jedilsp/jedi/inference/__init__.py", line 112, in import_module
    return imports.import_module_by_names(
  File "/usr/local/lib/code-server-4.103.2/lib/vscode/extensions/ms-python.python-2025.12.0/python_files/lib/jedilsp/jedi/inference/imports.py", line 376, in import_module_by_names
    value_set = ValueSet.from_sets([
  File "/usr/local/lib/code-server-4.103.2/lib/vscode/extensions/ms-python.python-2025.12.0/python_files/lib/jedilsp/jedi/inference/imports.py", line 377, in <listcomp>
    import_module(
  File "/usr/local/lib/code-server-4.103.2/lib/vscode/extensions/ms-python.python-2025.12.0/python_files/lib/jedilsp/jedi/plugins/__init__.py", line 21, in wrapper
    return built_functions[public_name](*args, **kwargs)
  File "/usr/local/lib/code-server-4.103.2/lib/vscode/extensions/ms-python.python-2025.12.0/python_files/lib/jedilsp/jedi/plugins/flask.py", line 20, in wrapper
    return callback(inference_state, import_names, module_context, *args, **kwargs)
  File "/usr/local/lib/code-server-4.103.2/lib/vscode/extensions/ms-python.python-2025.12.0/python_files/lib/jedilsp/jedi/inference/gradual/typeshed.py", line 115, in wrapper
    python_value_set = ValueSet.from_sets(
  File "/usr/local/lib/code-server-4.103.2/lib/vscode/extensions/ms-python.python-2025.12.0/python_files/lib/jedilsp/jedi/inference/base_value.py", line 430, in from_sets
    for set_ in sets:
  File "/usr/local/lib/code-server-4.103.2/lib/vscode/extensions/ms-python.python-2025.12.0/python_files/lib/jedilsp/jedi/inference/gradual/typeshed.py", line 116, in <genexpr>
    func(inference_state, import_names, p, sys_path,)
  File "/usr/local/lib/code-server-4.103.2/lib/vscode/extensions/ms-python.python-2025.12.0/python_files/lib/jedilsp/jedi/inference/imports.py", line 411, in import_module
    file_io_or_ns, is_pkg = inference_state.compiled_subprocess.get_module_info(
  File "/usr/local/lib/code-server-4.103.2/lib/vscode/extensions/ms-python.python-2025.12.0/python_files/lib/jedilsp/jedi/inference/compiled/subprocess/__init__.py", line 188, in wrapper
    result = self._compiled_subprocess.run(
  File "/usr/local/lib/code-server-4.103.2/lib/vscode/extensions/ms-python.python-2025.12.0/python_files/lib/jedilsp/jedi/inference/compiled/subprocess/__init__.py", line 293, in run
    self._send(delete_id, None)
  File "/usr/local/lib/code-server-4.103.2/lib/vscode/extensions/ms-python.python-2025.12.0/python_files/lib/jedilsp/jedi/inference/compiled/subprocess/__init__.py", line 318, in _send
    is_exception, traceback, result = pickle_load(self._get_process().stdout)
  File "/usr/local/lib/code-server-4.103.2/lib/vscode/extensions/ms-python.python-2025.12.0/python_files/lib/jedilsp/jedi/_compatibility.py", line 25, in pickle_load
    return Unpickler(file).load()
_pickle.UnpicklingError: invalid load key, ' '.

2026-09-09 05:05:34.074 [info] [Error - 5:05:34 AM] Request textDocument/hover failed.
2026-09-09 05:05:34.082 [info]   Message: _pickle.UnpicklingError: invalid load key, ' '.
  Code: -32603 
[object Object]
2026-09-09 05:05:39.050 [info] ERROR:pygls.protocol.json_rpc:Failed to handle request 194 textDocument/documentSymbol DocumentSymbolParams(text_document=TextDocumentIdentifier(uri='file:///voc/work/exercises/lesson-1-review-code-like-an-engineer/exercises/concept3-dependency-validation-review/starter/file_processor.py'), work_done_token=None, partial_result_token=None)
Traceback (most recent call last):
  File "/usr/local/lib/code-server-4.103.2/lib/vscode/extensions/ms-python.python-2025.12.0/python_files/lib/jedilsp/pygls/protocol/json_rpc.py", line 266, in _handle_request
    self._execute_request(msg_id, handler, params)
  File "/usr/local/lib/code-server-4.103.2/lib/vscode/extensions/ms-python.python-2025.12.0/python_files/lib/jedilsp/pygls/protocol/json_rpc.py", line 188, in _execute_request
    self._send_response(msg_id, handler(params))
  File "/usr/local/lib/code-server-4.103.2/lib/vscode/extensions/ms-python.python-2025.12.0/python_files/lib/jedilsp/jedi_language_server/server.py", line 546, in document_symbol
    document_symbols = jedi_utils.lsp_document_symbols(names)
  File "/usr/local/lib/code-server-4.103.2/lib/vscode/extensions/ms-python.python-2025.12.0/python_files/lib/jedilsp/jedi_language_server/jedi_utils.py", line 225, in lsp_document_symbols
    symbol_range = _document_symbol_range(name)
  File "/usr/local/lib/code-server-4.103.2/lib/vscode/extensions/ms-python.python-2025.12.0/python_files/lib/jedilsp/jedi_language_server/jedi_utils.py", line 204, in _document_symbol_range
    end = name.get_definition_end_position()
  File "/usr/local/lib/code-server-4.103.2/lib/vscode/extensions/ms-python.python-2025.12.0/python_files/lib/jedilsp/jedi/api/classes.py", line 260, in get_definition_end_position
    if self.type in ("function", "class"):
  File "/usr/local/lib/code-server-4.103.2/lib/vscode/extensions/ms-python.python-2025.12.0/python_files/lib/jedilsp/jedi/api/classes.py", line 190, in type
    for value in self._name.infer():
  File "/usr/local/lib/code-server-4.103.2/lib/vscode/extensions/ms-python.python-2025.12.0/python_files/lib/jedilsp/jedi/inference/names.py", line 281, in infer
    return tree_name_to_values(
  File "/usr/local/lib/code-server-4.103.2/lib/vscode/extensions/ms-python.python-2025.12.0/python_files/lib/jedilsp/jedi/plugins/__init__.py", line 21, in wrapper
    return built_functions[public_name](*args, **kwargs)
  File "/usr/local/lib/code-server-4.103.2/lib/vscode/extensions/ms-python.python-2025.12.0/python_files/lib/jedilsp/jedi/plugins/stdlib.py", line 878, in wrapper
    return func(inference_state, context, tree_name)
  File "/usr/local/lib/code-server-4.103.2/lib/vscode/extensions/ms-python.python-2025.12.0/python_files/lib/jedilsp/jedi/plugins/django.py", line 177, in wrapper
    result = func(inference_state, context, tree_name)
  File "/usr/local/lib/code-server-4.103.2/lib/vscode/extensions/ms-python.python-2025.12.0/python_files/lib/jedilsp/jedi/inference/syntax_tree.py", line 771, in tree_name_to_values
    types = imports.infer_import(context, tree_name)
  File "/usr/local/lib/code-server-4.103.2/lib/vscode/extensions/ms-python.python-2025.12.0/python_files/lib/jedilsp/jedi/inference/cache.py", line 44, in wrapper
    rv = function(obj, *args, **kwargs)
  File "/usr/local/lib/code-server-4.103.2/lib/vscode/extensions/ms-python.python-2025.12.0/python_files/lib/jedilsp/jedi/inference/imports.py", line 53, in infer_import
    _prepare_infer_import(module_context, tree_name)
  File "/usr/local/lib/code-server-4.103.2/lib/vscode/extensions/ms-python.python-2025.12.0/python_files/lib/jedilsp/jedi/inference/imports.py", line 116, in _prepare_infer_import
    return from_import_name, tuple(import_path), import_node.level, importer.follow()
  File "/usr/local/lib/code-server-4.103.2/lib/vscode/extensions/ms-python.python-2025.12.0/python_files/lib/jedilsp/jedi/inference/imports.py", line 296, in follow
    return import_module_by_names(
  File "/usr/local/lib/code-server-4.103.2/lib/vscode/extensions/ms-python.python-2025.12.0/python_files/lib/jedilsp/jedi/inference/imports.py", line 376, in import_module_by_names
    value_set = ValueSet.from_sets([
  File "/usr/local/lib/code-server-4.103.2/lib/vscode/extensions/ms-python.python-2025.12.0/python_files/lib/jedilsp/jedi/inference/imports.py", line 377, in <listcomp>
    import_module(
  File "/usr/local/lib/code-server-4.103.2/lib/vscode/extensions/ms-python.python-2025.12.0/python_files/lib/jedilsp/jedi/plugins/__init__.py", line 21, in wrapper
    return built_functions[public_name](*args, **kwargs)
  File "/usr/local/lib/code-server-4.103.2/lib/vscode/extensions/ms-python.python-2025.12.0/python_files/lib/jedilsp/jedi/plugins/flask.py", line 20, in wrapper
    return callback(inference_state, import_names, module_context, *args, **kwargs)
  File "/usr/local/lib/code-server-4.103.2/lib/vscode/extensions/ms-python.python-2025.12.0/python_files/lib/jedilsp/jedi/inference/gradual/typeshed.py", line 115, in wrapper
    python_value_set = ValueSet.from_sets(
  File "/usr/local/lib/code-server-4.103.2/lib/vscode/extensions/ms-python.python-2025.12.0/python_files/lib/jedilsp/jedi/inference/base_value.py", line 430, in from_sets
    for set_ in sets:
  File "/usr/local/lib/code-server-4.103.2/lib/vscode/extensions/ms-python.python-2025.12.0/python_files/lib/jedilsp/jedi/inference/gradual/typeshed.py", line 116, in <genexpr>
    func(inference_state, import_names, p, sys_path,)
  File "/usr/local/lib/code-server-4.103.2/lib/vscode/extensions/ms-python.python-2025.12.0/python_files/lib/jedilsp/jedi/inference/imports.py", line 411, in import_module
    file_io_or_ns, is_pkg = inference_state.compiled_subprocess.get_module_info(
  File "/usr/local/lib/code-server-4.103.2/lib/vscode/extensions/ms-python.python-2025.12.0/python_files/lib/jedilsp/jedi/inference/compiled/subprocess/__init__.py", line 188, in wrapper
    result = self._compiled_subprocess.run(
  File "/usr/local/lib/code-server-4.103.2/lib/vscode/extensions/ms-python.python-2025.12.0/python_files/lib/jedilsp/jedi/inference/compiled/subprocess/__init__.py", line 293, in run
    self._send(delete_id, None)
  File "/usr/local/lib/code-server-4.103.2/lib/vscode/extensions/ms-python.python-2025.12.0/python_files/lib/jedilsp/jedi/inference/compiled/subprocess/__init__.py", line 318, in _send
    is_exception, traceback, result = pickle_load(self._get_process().stdout)
  File "/usr/local/lib/code-server-4.103.2/lib/vscode/extensions/ms-python.python-2025.12.0/python_files/lib/jedilsp/jedi/_compatibility.py", line 25, in pickle_load
    return Unpickler(file).load()
_pickle.UnpicklingError: invalid load key, ' '.

2026-09-09 05:05:39.050 [info] [Error - 5:05:39 AM] Request textDocument/documentSymbol failed.
2026-09-09 05:05:39.058 [info]   Message: _pickle.UnpicklingError: invalid load key, ' '.
  Code: -32603 
[object Object]
2026-09-09 05:05:40.738 [info] semantic_tokens_full file:///voc/work/exercises/lesson-1-review-code-like-an-engineer/exercises/concept3-dependency-validation-review/starter/file_processor.py 
2026-09-09 05:05:40.742 [info] ERROR:pygls.protocol.json_rpc:Exception occurred for message "195": _pickle.UnpicklingError: invalid load key, ' '.
NoneType: None

2026-09-09 05:05:40.746 [info] [Error - 5:05:40 AM] Request textDocument/semanticTokens/full failed.
2026-09-09 05:05:40.746 [info]   Message: _pickle.UnpicklingError: invalid load key, ' '.
  Code: -32603 
[object Object]
2026-09-09 05:47:35.045 [info] ERROR:pygls.protocol.json_rpc:Failed to handle request 198 textDocument/documentSymbol DocumentSymbolParams(text_document=TextDocumentIdentifier(uri='file:///voc/work/exercises/lesson-1-review-code-like-an-engineer/exercises/concept3-dependency-validation-review/starter/file_processor.py'), work_done_token=None, partial_result_token=None)
Traceback (most recent call last):
  File "/usr/local/lib/code-server-4.103.2/lib/vscode/extensions/ms-python.python-2025.12.0/python_files/lib/jedilsp/pygls/protocol/json_rpc.py", line 266, in _handle_request
    self._execute_request(msg_id, handler, params)
  File "/usr/local/lib/code-server-4.103.2/lib/vscode/extensions/ms-python.python-2025.12.0/python_files/lib/jedilsp/pygls/protocol/json_rpc.py", line 188, in _execute_request
    self._send_response(msg_id, handler(params))
  File "/usr/local/lib/code-server-4.103.2/lib/vscode/extensions/ms-python.python-2025.12.0/python_files/lib/jedilsp/jedi_language_server/server.py", line 546, in document_symbol
    document_symbols = jedi_utils.lsp_document_symbols(names)
  File "/usr/local/lib/code-server-4.103.2/lib/vscode/extensions/ms-python.python-2025.12.0/python_files/lib/jedilsp/jedi_language_server/jedi_utils.py", line 225, in lsp_document_symbols
    symbol_range = _document_symbol_range(name)
  File "/usr/local/lib/code-server-4.103.2/lib/vscode/extensions/ms-python.python-2025.12.0/python_files/lib/jedilsp/jedi_language_server/jedi_utils.py", line 204, in _document_symbol_range
    end = name.get_definition_end_position()
  File "/usr/local/lib/code-server-4.103.2/lib/vscode/extensions/ms-python.python-2025.12.0/python_files/lib/jedilsp/jedi/api/classes.py", line 260, in get_definition_end_position
    if self.type in ("function", "class"):
  File "/usr/local/lib/code-server-4.103.2/lib/vscode/extensions/ms-python.python-2025.12.0/python_files/lib/jedilsp/jedi/api/classes.py", line 190, in type
    for value in self._name.infer():
  File "/usr/local/lib/code-server-4.103.2/lib/vscode/extensions/ms-python.python-2025.12.0/python_files/lib/jedilsp/jedi/inference/names.py", line 281, in infer
    return tree_name_to_values(
  File "/usr/local/lib/code-server-4.103.2/lib/vscode/extensions/ms-python.python-2025.12.0/python_files/lib/jedilsp/jedi/plugins/__init__.py", line 21, in wrapper
    return built_functions[public_name](*args, **kwargs)
  File "/usr/local/lib/code-server-4.103.2/lib/vscode/extensions/ms-python.python-2025.12.0/python_files/lib/jedilsp/jedi/plugins/stdlib.py", line 878, in wrapper
    return func(inference_state, context, tree_name)
  File "/usr/local/lib/code-server-4.103.2/lib/vscode/extensions/ms-python.python-2025.12.0/python_files/lib/jedilsp/jedi/plugins/django.py", line 177, in wrapper
    result = func(inference_state, context, tree_name)
  File "/usr/local/lib/code-server-4.103.2/lib/vscode/extensions/ms-python.python-2025.12.0/python_files/lib/jedilsp/jedi/inference/syntax_tree.py", line 771, in tree_name_to_values
    types = imports.infer_import(context, tree_name)
  File "/usr/local/lib/code-server-4.103.2/lib/vscode/extensions/ms-python.python-2025.12.0/python_files/lib/jedilsp/jedi/inference/cache.py", line 44, in wrapper
    rv = function(obj, *args, **kwargs)
  File "/usr/local/lib/code-server-4.103.2/lib/vscode/extensions/ms-python.python-2025.12.0/python_files/lib/jedilsp/jedi/inference/imports.py", line 53, in infer_import
    _prepare_infer_import(module_context, tree_name)
  File "/usr/local/lib/code-server-4.103.2/lib/vscode/extensions/ms-python.python-2025.12.0/python_files/lib/jedilsp/jedi/inference/imports.py", line 116, in _prepare_infer_import
    return from_import_name, tuple(import_path), import_node.level, importer.follow()
  File "/usr/local/lib/code-server-4.103.2/lib/vscode/extensions/ms-python.python-2025.12.0/python_files/lib/jedilsp/jedi/inference/imports.py", line 296, in follow
    return import_module_by_names(
  File "/usr/local/lib/code-server-4.103.2/lib/vscode/extensions/ms-python.python-2025.12.0/python_files/lib/jedilsp/jedi/inference/imports.py", line 376, in import_module_by_names
    value_set = ValueSet.from_sets([
  File "/usr/local/lib/code-server-4.103.2/lib/vscode/extensions/ms-python.python-2025.12.0/python_files/lib/jedilsp/jedi/inference/imports.py", line 377, in <listcomp>
    import_module(
  File "/usr/local/lib/code-server-4.103.2/lib/vscode/extensions/ms-python.python-2025.12.0/python_files/lib/jedilsp/jedi/plugins/__init__.py", line 21, in wrapper
    return built_functions[public_name](*args, **kwargs)
  File "/usr/local/lib/code-server-4.103.2/lib/vscode/extensions/ms-python.python-2025.12.0/python_files/lib/jedilsp/jedi/plugins/flask.py", line 20, in wrapper
    return callback(inference_state, import_names, module_context, *args, **kwargs)
  File "/usr/local/lib/code-server-4.103.2/lib/vscode/extensions/ms-python.python-2025.12.0/python_files/lib/jedilsp/jedi/inference/gradual/typeshed.py", line 115, in wrapper
    python_value_set = ValueSet.from_sets(
  File "/usr/local/lib/code-server-4.103.2/lib/vscode/extensions/ms-python.python-2025.12.0/python_files/lib/jedilsp/jedi/inference/base_value.py", line 430, in from_sets
    for set_ in sets:
  File "/usr/local/lib/code-server-4.103.2/lib/vscode/extensions/ms-python.python-2025.12.0/python_files/lib/jedilsp/jedi/inference/gradual/typeshed.py", line 116, in <genexpr>
    func(inference_state, import_names, p, sys_path,)
  File "/usr/local/lib/code-server-4.103.2/lib/vscode/extensions/ms-python.python-2025.12.0/python_files/lib/jedilsp/jedi/inference/imports.py", line 411, in import_module
    file_io_or_ns, is_pkg = inference_state.compiled_subprocess.get_module_info(
  File "/usr/local/lib/code-server-4.103.2/lib/vscode/extensions/ms-python.python-2025.12.0/python_files/lib/jedilsp/jedi/inference/compiled/subprocess/__init__.py", line 188, in wrapper
    result = self._compiled_subprocess.run(
  File "/usr/local/lib/code-server-4.103.2/lib/vscode/extensions/ms-python.python-2025.12.0/python_files/lib/jedilsp/jedi/inference/compiled/subprocess/__init__.py", line 293, in run
    self._send(delete_id, None)
  File "/usr/local/lib/code-server-4.103.2/lib/vscode/extensions/ms-python.python-2025.12.0/python_files/lib/jedilsp/jedi/inference/compiled/subprocess/__init__.py", line 318, in _send
    is_exception, traceback, result = pickle_load(self._get_process().stdout)
  File "/usr/local/lib/code-server-4.103.2/lib/vscode/extensions/ms-python.python-2025.12.0/python_files/lib/jedilsp/jedi/_compatibility.py", line 25, in pickle_load
    return Unpickler(file).load()
_pickle.UnpicklingError: invalid load key, ' '.

2026-09-09 05:47:35.047 [info] [Error - 5:47:35 AM] Request textDocument/documentSymbol failed.
2026-09-09 05:47:35.047 [info]   Message: _pickle.UnpicklingError: invalid load key, ' '.
  Code: -32603 
[object Object]
2026-09-09 05:47:36.740 [info] semantic_tokens_full file:///voc/work/exercises/lesson-1-review-code-like-an-engineer/exercises/concept3-dependency-validation-review/starter/file_processor.py 
2026-09-09 05:47:36.744 [info] ERROR:pygls.protocol.json_rpc:Exception occurred for message "199": _pickle.UnpicklingError: invalid load key, ' '.
NoneType: None

2026-09-09 05:47:36.747 [info] [Error - 5:47:36 AM] Request textDocument/semanticTokens/full failed.
2026-09-09 05:47:36.747 [info]   Message: _pickle.UnpicklingError: invalid load key, ' '.
  Code: -32603 
[object Object]
2026-09-09 05:49:24.941 [info] semantic_tokens_full file:///voc/work/exercises/lesson-1-review-code-like-an-engineer/exercises/concept4-api-error-handling-review/starter/api_client.py 
2026-09-09 05:49:24.951 [info] ERROR:pygls.protocol.json_rpc:Exception occurred for message "202": _pickle.UnpicklingError: invalid load key, ' '.
NoneType: None

2026-09-09 05:49:24.951 [info] [Error - 5:49:24 AM] Request textDocument/semanticTokens/full failed.
2026-09-09 05:49:24.951 [info]   Message: _pickle.UnpicklingError: invalid load key, ' '.
  Code: -32603 
[object Object]
2026-09-09 05:49:25.100 [info] semantic_tokens_range file:///voc/work/exercises/lesson-1-review-code-like-an-engineer/exercises/concept4-api-error-handling-review/starter/api_client.py 0:0-62:54
2026-09-09 05:49:25.110 [info] ERROR:pygls.protocol.json_rpc:Exception occurred for message "204": _pickle.UnpicklingError: invalid load key, ' '.
NoneType: None

2026-09-09 05:49:25.110 [info] [Error - 5:49:25 AM] Request textDocument/semanticTokens/range failed.
2026-09-09 05:49:25.117 [info]   Message: _pickle.UnpicklingError: invalid load key, ' '.
  Code: -32603 
[object Object]
2026-09-09 05:49:33.372 [info] semantic_tokens_range file:///voc/work/exercises/lesson-1-review-code-like-an-engineer/exercises/concept4-api-error-handling-review/starter/api_client.py 0:0-62:54
2026-09-09 05:49:33.381 [info] ERROR:pygls.protocol.json_rpc:Exception occurred for message "208": _pickle.UnpicklingError: invalid load key, ' '.
NoneType: None

2026-09-09 05:49:33.382 [info] [Error - 5:49:33 AM] Request textDocument/semanticTokens/range failed.
2026-09-09 05:49:33.389 [info]   Message: _pickle.UnpicklingError: invalid load key, ' '.
  Code: -32603 
[object Object]
2026-09-09 05:49:48.267 [info] semantic_tokens_range file:///voc/work/exercises/lesson-1-review-code-like-an-engineer/exercises/concept4-api-error-handling-review/starter/api_client.py 0:0-62:54
2026-09-09 05:49:48.276 [info] ERROR:pygls.protocol.json_rpc:Exception occurred for message "210": _pickle.UnpicklingError: invalid load key, ' '.
NoneType: None

2026-09-09 05:49:48.276 [info] [Error - 5:49:48 AM] Request textDocument/semanticTokens/range failed.
2026-09-09 05:49:48.285 [info]   Message: _pickle.UnpicklingError: invalid load key, ' '.
  Code: -32603 
[object Object]
2026-09-09 05:49:50.128 [info] semantic_tokens_full file:///voc/work/exercises/lesson-1-review-code-like-an-engineer/exercises/concept4-api-error-handling-review/starter/api_client.py 
2026-09-09 05:49:50.138 [info] ERROR:pygls.protocol.json_rpc:Exception occurred for message "212": _pickle.UnpicklingError: invalid load key, ' '.
NoneType: None

2026-09-09 05:49:50.138 [info] [Error - 5:49:50 AM] Request textDocument/semanticTokens/full failed.
2026-09-09 05:49:50.145 [info]   Message: _pickle.UnpicklingError: invalid load key, ' '.
  Code: -32603 
[object Object]
2026-09-09 05:52:33.478 [info] semantic_tokens_range file:///voc/work/exercises/lesson-1-review-code-like-an-engineer/exercises/concept4-api-error-handling-review/starter/api_client.py 0:0-55:83
2026-09-09 05:52:33.488 [info] ERROR:pygls.protocol.json_rpc:Exception occurred for message "213": _pickle.UnpicklingError: invalid load key, ' '.
NoneType: None

2026-09-09 05:52:33.488 [info] [Error - 5:52:33 AM] Request textDocument/semanticTokens/range failed.
2026-09-09 05:52:33.488 [info]   Message: _pickle.UnpicklingError: invalid load key, ' '.
  Code: -32603 
[object Object]
2026-09-09 05:52:35.030 [info] semantic_tokens_full file:///voc/work/exercises/lesson-1-review-code-like-an-engineer/exercises/concept4-api-error-handling-review/starter/api_client.py 
2026-09-09 05:52:35.040 [info] ERROR:pygls.protocol.json_rpc:Exception occurred for message "214": _pickle.UnpicklingError: invalid load key, ' '.
NoneType: None

2026-09-09 05:52:35.040 [info] [Error - 5:52:35 AM] Request textDocument/semanticTokens/full failed.
2026-09-09 05:52:35.047 [info]   Message: _pickle.UnpicklingError: invalid load key, ' '.
  Code: -32603 
[object Object]
2026-09-09 05:52:44.303 [info] semantic_tokens_range file:///voc/work/exercises/lesson-1-review-code-like-an-engineer/exercises/concept4-api-error-handling-review/starter/api_client.py 0:0-54:16
2026-09-09 05:52:44.312 [info] ERROR:pygls.protocol.json_rpc:Exception occurred for message "215": _pickle.UnpicklingError: invalid load key, ' '.
NoneType: None

2026-09-09 05:52:44.312 [info] [Error - 5:52:44 AM] Request textDocument/semanticTokens/range failed.
2026-09-09 05:52:44.319 [info]   Message: _pickle.UnpicklingError: invalid load key, ' '.
  Code: -32603 
[object Object]
2026-09-09 05:52:45.066 [info] semantic_tokens_range file:///voc/work/exercises/lesson-1-review-code-like-an-engineer/exercises/concept4-api-error-handling-review/starter/api_client.py 0:0-51:29
2026-09-09 05:52:45.075 [info] ERROR:pygls.protocol.json_rpc:Exception occurred for message "216": _pickle.UnpicklingError: invalid load key, ' '.
NoneType: None

2026-09-09 05:52:45.075 [info] [Error - 5:52:45 AM] Request textDocument/semanticTokens/range failed.
2026-09-09 05:52:45.082 [info]   Message: _pickle.UnpicklingError: invalid load key, ' '.
  Code: -32603 
[object Object]
2026-09-09 05:52:45.601 [info] semantic_tokens_range file:///voc/work/exercises/lesson-1-review-code-like-an-engineer/exercises/concept4-api-error-handling-review/starter/api_client.py 0:0-51:29
2026-09-09 05:52:45.610 [info] ERROR:pygls.protocol.json_rpc:Exception occurred for message "217": _pickle.UnpicklingError: invalid load key, ' '.
NoneType: None

2026-09-09 05:52:45.611 [info] [Error - 5:52:45 AM] Request textDocument/semanticTokens/range failed.
2026-09-09 05:52:45.618 [info]   Message: _pickle.UnpicklingError: invalid load key, ' '.
  Code: -32603 
[object Object]
2026-09-09 05:52:50.961 [info] semantic_tokens_range file:///voc/work/exercises/lesson-1-review-code-like-an-engineer/exercises/concept4-api-error-handling-review/starter/api_client.py 0:0-51:29
2026-09-09 05:52:50.970 [info] ERROR:pygls.protocol.json_rpc:Exception occurred for message "218": _pickle.UnpicklingError: invalid load key, ' '.
NoneType: None

2026-09-09 05:52:50.971 [info] [Error - 5:52:50 AM] Request textDocument/semanticTokens/range failed.
2026-09-09 05:52:50.977 [info]   Message: _pickle.UnpicklingError: invalid load key, ' '.
  Code: -32603 
[object Object]
2026-09-09 05:52:51.881 [info] semantic_tokens_range file:///voc/work/exercises/lesson-1-review-code-like-an-engineer/exercises/concept4-api-error-handling-review/starter/api_client.py 0:0-52:0
2026-09-09 05:52:51.891 [info] ERROR:pygls.protocol.json_rpc:Exception occurred for message "219": _pickle.UnpicklingError: invalid load key, ' '.
NoneType: None

2026-09-09 05:52:51.891 [info] [Error - 5:52:51 AM] Request textDocument/semanticTokens/range failed.
2026-09-09 05:52:51.899 [info]   Message: _pickle.UnpicklingError: invalid load key, ' '.
  Code: -32603 
[object Object]
2026-09-09 05:52:53.289 [info] semantic_tokens_range file:///voc/work/exercises/lesson-1-review-code-like-an-engineer/exercises/concept4-api-error-handling-review/starter/api_client.py 0:0-54:16
2026-09-09 05:52:53.299 [info] ERROR:pygls.protocol.json_rpc:Exception occurred for message "220": _pickle.UnpicklingError: invalid load key, ' '.
NoneType: None

2026-09-09 05:52:53.299 [info] [Error - 5:52:53 AM] Request textDocument/semanticTokens/range failed.
2026-09-09 05:52:53.306 [info]   Message: _pickle.UnpicklingError: invalid load key, ' '.
  Code: -32603 
[object Object]
2026-09-09 05:52:53.952 [info] semantic_tokens_range file:///voc/work/exercises/lesson-1-review-code-like-an-engineer/exercises/concept4-api-error-handling-review/starter/api_client.py 0:0-54:16
2026-09-09 05:52:53.963 [info] ERROR:pygls.protocol.json_rpc:Exception occurred for message "221": _pickle.UnpicklingError: invalid load key, ' '.
NoneType: None

2026-09-09 05:52:53.963 [info] [Error - 5:52:53 AM] Request textDocument/semanticTokens/range failed.
2026-09-09 05:52:53.971 [info]   Message: _pickle.UnpicklingError: invalid load key, ' '.
  Code: -32603 
[object Object]
2026-09-09 05:52:59.016 [info] semantic_tokens_range file:///voc/work/exercises/lesson-1-review-code-like-an-engineer/exercises/concept4-api-error-handling-review/starter/api_client.py 0:0-56:0
2026-09-09 05:52:59.025 [info] ERROR:pygls.protocol.json_rpc:Exception occurred for message "222": _pickle.UnpicklingError: invalid load key, ' '.
NoneType: None

2026-09-09 05:52:59.026 [info] [Error - 5:52:59 AM] Request textDocument/semanticTokens/range failed.
2026-09-09 05:52:59.033 [info]   Message: _pickle.UnpicklingError: invalid load key, ' '.
  Code: -32603 
[object Object]
2026-09-09 05:53:00.865 [info] semantic_tokens_range file:///voc/work/exercises/lesson-1-review-code-like-an-engineer/exercises/concept4-api-error-handling-review/starter/api_client.py 0:0-56:0
2026-09-09 05:53:00.874 [info] ERROR:pygls.protocol.json_rpc:Exception occurred for message "223": _pickle.UnpicklingError: invalid load key, ' '.
NoneType: None

2026-09-09 05:53:00.874 [info] [Error - 5:53:00 AM] Request textDocument/semanticTokens/range failed.
2026-09-09 05:53:00.882 [info]   Message: _pickle.UnpicklingError: invalid load key, ' '.
  Code: -32603 
[object Object]
2026-09-09 05:54:57.700 [info] semantic_tokens_range file:///voc/work/exercises/lesson-1-review-code-like-an-engineer/exercises/concept4-api-error-handling-review/starter/api_client.py 0:0-55:83
2026-09-09 05:54:57.710 [info] ERROR:pygls.protocol.json_rpc:Exception occurred for message "225": _pickle.UnpicklingError: invalid load key, ' '.
NoneType: None

2026-09-09 05:54:57.710 [info] [Error - 5:54:57 AM] Request textDocument/semanticTokens/range failed.
2026-09-09 05:54:57.717 [info]   Message: _pickle.UnpicklingError: invalid load key, ' '.
  Code: -32603 
[object Object]
2026-09-09 05:54:59.430 [info] semantic_tokens_full file:///voc/work/exercises/lesson-1-review-code-like-an-engineer/exercises/concept4-api-error-handling-review/starter/api_client.py 
2026-09-09 05:54:59.440 [info] ERROR:pygls.protocol.json_rpc:Exception occurred for message "226": _pickle.UnpicklingError: invalid load key, ' '.
NoneType: None

2026-09-09 05:54:59.440 [info] [Error - 5:54:59 AM] Request textDocument/semanticTokens/full failed.
2026-09-09 05:54:59.449 [info]   Message: _pickle.UnpicklingError: invalid load key, ' '.
  Code: -32603 
[object Object]
2026-09-09 05:59:05.576 [info] semantic_tokens_range file:///voc/work/exercises/lesson-1-review-code-like-an-engineer/exercises/concept4-api-error-handling-review/starter/api_client.py 0:0-62:79
2026-09-09 05:59:05.585 [info] ERROR:pygls.protocol.json_rpc:Exception occurred for message "229": _pickle.UnpicklingError: invalid load key, ' '.
NoneType: None

2026-09-09 05:59:05.585 [info] [Error - 5:59:05 AM] Request textDocument/semanticTokens/range failed.
2026-09-09 05:59:05.585 [info]   Message: _pickle.UnpicklingError: invalid load key, ' '.
  Code: -32603 
[object Object]
2026-09-09 05:59:07.479 [info] semantic_tokens_full file:///voc/work/exercises/lesson-1-review-code-like-an-engineer/exercises/concept4-api-error-handling-review/starter/api_client.py 
2026-09-09 05:59:07.488 [info] ERROR:pygls.protocol.json_rpc:Exception occurred for message "231": _pickle.UnpicklingError: invalid load key, ' '.
NoneType: None

2026-09-09 05:59:07.489 [info] [Error - 5:59:07 AM] Request textDocument/semanticTokens/full failed.
2026-09-09 05:59:07.496 [info]   Message: _pickle.UnpicklingError: invalid load key, ' '.
  Code: -32603 
[object Object]
2026-09-09 05:59:13.393 [info] semantic_tokens_range file:///voc/work/exercises/lesson-1-review-code-like-an-engineer/exercises/concept4-api-error-handling-review/starter/api_client.py 0:0-68:0
2026-09-09 05:59:13.402 [info] ERROR:pygls.protocol.json_rpc:Exception occurred for message "233": _pickle.UnpicklingError: invalid load key, ' '.
NoneType: None

2026-09-09 05:59:13.402 [info] [Error - 5:59:13 AM] Request textDocument/semanticTokens/range failed.
2026-09-09 05:59:13.409 [info]   Message: _pickle.UnpicklingError: invalid load key, ' '.
  Code: -32603 
[object Object]
2026-09-09 05:59:19.765 [info] semantic_tokens_range file:///voc/work/exercises/lesson-1-review-code-like-an-engineer/exercises/concept4-api-error-handling-review/starter/api_client.py 151:0-185:0
2026-09-09 05:59:19.776 [info] ERROR:pygls.protocol.json_rpc:Exception occurred for message "234": _pickle.UnpicklingError: invalid load key, ' '.
NoneType: None

2026-09-09 05:59:19.776 [info] [Error - 5:59:19 AM] Request textDocument/semanticTokens/range failed.
2026-09-09 05:59:19.782 [info]   Message: _pickle.UnpicklingError: invalid load key, ' '.
  Code: -32603 
[object Object]
2026-09-09 06:02:45.088 [info] semantic_tokens_full file:///voc/work/exercises/lesson-1-review-code-like-an-engineer/exercises/concept5-database-operations-review/starter/database_manager.py 
2026-09-09 06:02:45.099 [info] ERROR:pygls.protocol.json_rpc:Exception occurred for message "237": _pickle.UnpicklingError: invalid load key, ' '.
NoneType: None

2026-09-09 06:02:45.099 [info] [Error - 6:02:45 AM] Request textDocument/semanticTokens/full failed.
2026-09-09 06:02:45.106 [info]   Message: _pickle.UnpicklingError: invalid load key, ' '.
  Code: -32603 
[object Object]
2026-09-09 06:02:45.251 [info] semantic_tokens_range file:///voc/work/exercises/lesson-1-review-code-like-an-engineer/exercises/concept5-database-operations-review/starter/database_manager.py 0:0-62:41
2026-09-09 06:02:45.266 [info] ERROR:pygls.protocol.json_rpc:Exception occurred for message "238": _pickle.UnpicklingError: invalid load key, ' '.
NoneType: None

2026-09-09 06:02:45.266 [info] [Error - 6:02:45 AM] Request textDocument/semanticTokens/range failed.
2026-09-09 06:02:45.273 [info]   Message: _pickle.UnpicklingError: invalid load key, ' '.
  Code: -32603 
[object Object]
2026-09-09 06:02:58.988 [info] semantic_tokens_range file:///voc/work/exercises/lesson-1-review-code-like-an-engineer/exercises/concept5-database-operations-review/starter/database_manager.py 0:0-62:41
2026-09-09 06:02:58.998 [info] ERROR:pygls.protocol.json_rpc:Exception occurred for message "245": _pickle.UnpicklingError: invalid load key, ' '.
NoneType: None

2026-09-09 06:02:58.998 [info] [Error - 6:02:58 AM] Request textDocument/semanticTokens/range failed.
2026-09-09 06:02:59.008 [info]   Message: _pickle.UnpicklingError: invalid load key, ' '.
  Code: -32603 
[object Object]
